accessedDate,webAddress,shortReference,graph_id
04/22/2020,http://mygene.info/v3/gene/1399,mygene.info (accessed on:04/22/2020),ref_geneInfo_gene_1399
04/22/2020,http://mygene.info/v3/gene/367,mygene.info (accessed on:04/22/2020),ref_geneInfo_gene_367
04/22/2020,http://mygene.info/v3/gene/171023,mygene.info (accessed on:04/22/2020),ref_geneInfo_gene_171023
04/30/2020,http://mygene.info/v3/gene/3703,mygene.info (accessed on:04/30/2020),ref_geneInfo_gene_3703
04/22/2020,http://mygene.info/v3/gene/9126,mygene.info (accessed on:04/22/2020),ref_geneInfo_gene_9126
04/22/2020,http://mygene.info/v3/gene/6663,mygene.info (accessed on:04/22/2020),ref_geneInfo_gene_6663
04/22/2020,http://mygene.info/v3/gene/974,mygene.info (accessed on:04/22/2020),ref_geneInfo_gene_974
04/22/2020,http://mygene.info/v3/gene/926,mygene.info (accessed on:04/22/2020),ref_geneInfo_gene_926
04/22/2020,http://mygene.info/v3/gene/51284,mygene.info (accessed on:04/22/2020),ref_geneInfo_gene_51284
04/22/2020,http://mygene.info/v3/gene/90,mygene.info (accessed on:04/22/2020),ref_geneInfo_gene_90
04/22/2020,http://mygene.info/v3/gene/25,mygene.info (accessed on:04/22/2020),ref_geneInfo_gene_25
04/22/2020,http://mygene.info/v3/gene/27,mygene.info (accessed on:04/22/2020),ref_geneInfo_gene_27
04/22/2020,http://mygene.info/v3/gene/242,mygene.info (accessed on:04/22/2020),ref_geneInfo_gene_242
04/22/2020,http://mygene.info/v3/gene/91,mygene.info (accessed on:04/22/2020),ref_geneInfo_gene_91
04/22/2020,http://mygene.info/v3/gene/135,mygene.info (accessed on:04/22/2020),ref_geneInfo_gene_135
04/22/2020,http://mygene.info/v3/gene/238,mygene.info (accessed on:04/22/2020),ref_geneInfo_gene_238
04/22/2020,http://mygene.info/v3/gene/94,mygene.info (accessed on:04/22/2020),ref_geneInfo_gene_94
04/22/2020,http://mygene.info/v3/gene/22852,mygene.info (accessed on:04/22/2020),ref_geneInfo_gene_22852
04/22/2020,http://mygene.info/v3/gene/207,mygene.info (accessed on:04/22/2020),ref_geneInfo_gene_207
04/22/2020,http://mygene.info/v3/gene/29123,mygene.info (accessed on:04/22/2020),ref_geneInfo_gene_29123
04/22/2020,http://mygene.info/v3/gene/208,mygene.info (accessed on:04/22/2020),ref_geneInfo_gene_208
04/22/2020,http://mygene.info/v3/gene/328,mygene.info (accessed on:04/22/2020),ref_geneInfo_gene_328
04/22/2020,http://mygene.info/v3/gene/196528,mygene.info (accessed on:04/22/2020),ref_geneInfo_gene_196528
04/22/2020,http://mygene.info/v3/gene/10000,mygene.info (accessed on:04/22/2020),ref_geneInfo_gene_10000
04/22/2020,http://mygene.info/v3/gene/613,mygene.info (accessed on:04/22/2020),ref_geneInfo_gene_613
04/22/2020,http://mygene.info/v3/gene/369,mygene.info (accessed on:04/22/2020),ref_geneInfo_gene_369
04/22/2020,http://mygene.info/v3/gene/8289,mygene.info (accessed on:04/22/2020),ref_geneInfo_gene_8289
04/22/2020,http://mygene.info/v3/gene/324,mygene.info (accessed on:04/22/2020),ref_geneInfo_gene_324
04/22/2020,http://mygene.info/v3/gene/57492,mygene.info (accessed on:04/22/2020),ref_geneInfo_gene_57492
04/22/2020,http://mygene.info/v3/gene/55252,mygene.info (accessed on:04/22/2020),ref_geneInfo_gene_55252
04/22/2020,http://mygene.info/v3/gene/472,mygene.info (accessed on:04/22/2020),ref_geneInfo_gene_472
04/22/2020,http://mygene.info/v3/gene/10139,mygene.info (accessed on:04/22/2020),ref_geneInfo_gene_10139
04/22/2020,http://mygene.info/v3/gene/558,mygene.info (accessed on:04/22/2020),ref_geneInfo_gene_558
04/22/2020,http://mygene.info/v3/gene/580,mygene.info (accessed on:04/22/2020),ref_geneInfo_gene_580
04/22/2020,http://mygene.info/v3/gene/84159,mygene.info (accessed on:04/22/2020),ref_geneInfo_gene_84159
04/22/2020,http://mygene.info/v3/gene/6790,mygene.info (accessed on:04/22/2020),ref_geneInfo_gene_6790
04/22/2020,http://mygene.info/v3/gene/23200,mygene.info (accessed on:04/22/2020),ref_geneInfo_gene_23200
04/22/2020,http://mygene.info/v3/gene/8314,mygene.info (accessed on:04/22/2020),ref_geneInfo_gene_8314
04/22/2020,http://mygene.info/v3/gene/8312,mygene.info (accessed on:04/22/2020),ref_geneInfo_gene_8312
04/22/2020,http://mygene.info/v3/gene/546,mygene.info (accessed on:04/22/2020),ref_geneInfo_gene_546
04/22/2020,http://mygene.info/v3/gene/545,mygene.info (accessed on:04/22/2020),ref_geneInfo_gene_545
04/22/2020,http://mygene.info/v3/gene/8313,mygene.info (accessed on:04/22/2020),ref_geneInfo_gene_8313
04/22/2020,http://mygene.info/v3/gene/9212,mygene.info (accessed on:04/22/2020),ref_geneInfo_gene_9212
04/22/2020,http://mygene.info/v3/gene/27113,mygene.info (accessed on:04/22/2020),ref_geneInfo_gene_27113
04/22/2020,http://mygene.info/v3/gene/8915,mygene.info (accessed on:04/22/2020),ref_geneInfo_gene_8915
04/22/2020,http://mygene.info/v3/gene/567,mygene.info (accessed on:04/22/2020),ref_geneInfo_gene_567
04/22/2020,http://mygene.info/v3/gene/329,mygene.info (accessed on:04/22/2020),ref_geneInfo_gene_329
04/22/2020,http://mygene.info/v3/gene/596,mygene.info (accessed on:04/22/2020),ref_geneInfo_gene_596
04/22/2020,http://mygene.info/v3/gene/607,mygene.info (accessed on:04/22/2020),ref_geneInfo_gene_607
04/22/2020,http://mygene.info/v3/gene/63035,mygene.info (accessed on:04/22/2020),ref_geneInfo_gene_63035
04/22/2020,http://mygene.info/v3/gene/598,mygene.info (accessed on:04/22/2020),ref_geneInfo_gene_598
04/22/2020,http://mygene.info/v3/gene/604,mygene.info (accessed on:04/22/2020),ref_geneInfo_gene_604
04/22/2020,http://mygene.info/v3/gene/10018,mygene.info (accessed on:04/22/2020),ref_geneInfo_gene_10018
04/22/2020,http://mygene.info/v3/gene/54880,mygene.info (accessed on:04/22/2020),ref_geneInfo_gene_54880
04/22/2020,http://mygene.info/v3/gene/599,mygene.info (accessed on:04/22/2020),ref_geneInfo_gene_599
04/22/2020,http://mygene.info/v3/gene/330,mygene.info (accessed on:04/22/2020),ref_geneInfo_gene_330
04/22/2020,http://mygene.info/v3/gene/673,mygene.info (accessed on:04/22/2020),ref_geneInfo_gene_673
04/22/2020,http://mygene.info/v3/gene/641,mygene.info (accessed on:04/22/2020),ref_geneInfo_gene_641
04/22/2020,http://mygene.info/v3/gene/675,mygene.info (accessed on:04/22/2020),ref_geneInfo_gene_675
04/22/2020,http://mygene.info/v3/gene/694,mygene.info (accessed on:04/22/2020),ref_geneInfo_gene_694
04/22/2020,http://mygene.info/v3/gene/657,mygene.info (accessed on:04/22/2020),ref_geneInfo_gene_657
04/22/2020,http://mygene.info/v3/gene/83990,mygene.info (accessed on:04/22/2020),ref_geneInfo_gene_83990
04/22/2020,http://mygene.info/v3/gene/672,mygene.info (accessed on:04/22/2020),ref_geneInfo_gene_672
04/22/2020,http://mygene.info/v3/gene/23476,mygene.info (accessed on:04/22/2020),ref_geneInfo_gene_23476
04/22/2020,http://mygene.info/v3/gene/695,mygene.info (accessed on:04/22/2020),ref_geneInfo_gene_695
04/22/2020,http://mygene.info/v3/gene/151888,mygene.info (accessed on:04/22/2020),ref_geneInfo_gene_151888
04/22/2020,http://mygene.info/v3/gene/56946,mygene.info (accessed on:04/22/2020),ref_geneInfo_gene_56946
04/22/2020,http://mygene.info/v3/gene/811,mygene.info (accessed on:04/22/2020),ref_geneInfo_gene_811
04/22/2020,http://mygene.info/v3/gene/894,mygene.info (accessed on:04/22/2020),ref_geneInfo_gene_894
04/22/2020,http://mygene.info/v3/gene/865,mygene.info (accessed on:04/22/2020),ref_geneInfo_gene_865
04/22/2020,http://mygene.info/v3/gene/64115,mygene.info (accessed on:04/22/2020),ref_geneInfo_gene_64115
04/22/2020,http://mygene.info/v3/gene/6347,mygene.info (accessed on:04/22/2020),ref_geneInfo_gene_6347
04/22/2020,http://mygene.info/v3/gene/841,mygene.info (accessed on:04/22/2020),ref_geneInfo_gene_841
04/22/2020,http://mygene.info/v3/gene/84433,mygene.info (accessed on:04/22/2020),ref_geneInfo_gene_84433
04/22/2020,http://mygene.info/v3/gene/867,mygene.info (accessed on:04/22/2020),ref_geneInfo_gene_867
04/22/2020,http://mygene.info/v3/gene/9332,mygene.info (accessed on:04/22/2020),ref_geneInfo_gene_9332
04/22/2020,http://mygene.info/v3/gene/896,mygene.info (accessed on:04/22/2020),ref_geneInfo_gene_896
04/22/2020,http://mygene.info/v3/gene/940,mygene.info (accessed on:04/22/2020),ref_geneInfo_gene_940
04/22/2020,http://mygene.info/v3/gene/729230,mygene.info (accessed on:04/22/2020),ref_geneInfo_gene_729230
04/22/2020,http://mygene.info/v3/gene/595,mygene.info (accessed on:04/22/2020),ref_geneInfo_gene_595
04/22/2020,http://mygene.info/v3/gene/914,mygene.info (accessed on:04/22/2020),ref_geneInfo_gene_914
04/22/2020,http://mygene.info/v3/gene/917,mygene.info (accessed on:04/22/2020),ref_geneInfo_gene_917
04/22/2020,http://mygene.info/v3/gene/898,mygene.info (accessed on:04/22/2020),ref_geneInfo_gene_898
04/22/2020,http://mygene.info/v3/gene/80381,mygene.info (accessed on:04/22/2020),ref_geneInfo_gene_80381
04/22/2020,http://mygene.info/v3/gene/920,mygene.info (accessed on:04/22/2020),ref_geneInfo_gene_920
04/22/2020,http://mygene.info/v3/gene/939,mygene.info (accessed on:04/22/2020),ref_geneInfo_gene_939
04/22/2020,http://mygene.info/v3/gene/916,mygene.info (accessed on:04/22/2020),ref_geneInfo_gene_916
04/22/2020,http://mygene.info/v3/gene/51744,mygene.info (accessed on:04/22/2020),ref_geneInfo_gene_51744
04/22/2020,http://mygene.info/v3/gene/952,mygene.info (accessed on:04/22/2020),ref_geneInfo_gene_952
04/22/2020,http://mygene.info/v3/gene/941,mygene.info (accessed on:04/22/2020),ref_geneInfo_gene_941
04/22/2020,http://mygene.info/v3/gene/29126,mygene.info (accessed on:04/22/2020),ref_geneInfo_gene_29126
04/22/2020,http://mygene.info/v3/gene/915,mygene.info (accessed on:04/22/2020),ref_geneInfo_gene_915
04/22/2020,http://mygene.info/v3/gene/958,mygene.info (accessed on:04/22/2020),ref_geneInfo_gene_958
04/22/2020,http://mygene.info/v3/gene/960,mygene.info (accessed on:04/22/2020),ref_geneInfo_gene_960
04/22/2020,http://mygene.info/v3/gene/959,mygene.info (accessed on:04/22/2020),ref_geneInfo_gene_959
04/22/2020,http://mygene.info/v3/gene/972,mygene.info (accessed on:04/22/2020),ref_geneInfo_gene_972
04/22/2020,http://mygene.info/v3/gene/973,mygene.info (accessed on:04/22/2020),ref_geneInfo_gene_973
04/22/2020,http://mygene.info/v3/gene/926,mygene.info (accessed on:04/22/2020),ref_geneInfo_gene_926
04/22/2020,http://mygene.info/v3/gene/925,mygene.info (accessed on:04/22/2020),ref_geneInfo_gene_925
04/22/2020,http://mygene.info/v3/gene/79577,mygene.info (accessed on:04/22/2020),ref_geneInfo_gene_79577
04/22/2020,http://mygene.info/v3/gene/968,mygene.info (accessed on:04/22/2020),ref_geneInfo_gene_968
04/22/2020,http://mygene.info/v3/gene/925,mygene.info (accessed on:04/22/2020),ref_geneInfo_gene_925
04/22/2020,http://mygene.info/v3/gene/1021,mygene.info (accessed on:04/22/2020),ref_geneInfo_gene_1021
04/22/2020,http://mygene.info/v3/gene/942,mygene.info (accessed on:04/22/2020),ref_geneInfo_gene_942
04/22/2020,http://mygene.info/v3/gene/1106,mygene.info (accessed on:04/22/2020),ref_geneInfo_gene_1106
04/22/2020,http://mygene.info/v3/gene/999,mygene.info (accessed on:04/22/2020),ref_geneInfo_gene_999
04/22/2020,http://mygene.info/v3/gene/1027,mygene.info (accessed on:04/22/2020),ref_geneInfo_gene_1027
04/22/2020,http://mygene.info/v3/gene/1019,mygene.info (accessed on:04/22/2020),ref_geneInfo_gene_1019
04/22/2020,http://mygene.info/v3/gene/1029,mygene.info (accessed on:04/22/2020),ref_geneInfo_gene_1029
04/22/2020,http://mygene.info/v3/gene/1024,mygene.info (accessed on:04/22/2020),ref_geneInfo_gene_1024
04/22/2020,http://mygene.info/v3/gene/1031,mygene.info (accessed on:04/22/2020),ref_geneInfo_gene_1031
04/22/2020,http://mygene.info/v3/gene/51755,mygene.info (accessed on:04/22/2020),ref_geneInfo_gene_51755
04/22/2020,http://mygene.info/v3/gene/1026,mygene.info (accessed on:04/22/2020),ref_geneInfo_gene_1026
04/22/2020,http://mygene.info/v3/gene/1030,mygene.info (accessed on:04/22/2020),ref_geneInfo_gene_1030
04/22/2020,http://mygene.info/v3/gene/2263,mygene.info (accessed on:04/22/2020),ref_geneInfo_gene_2263
04/22/2020,http://mygene.info/v3/gene/1058,mygene.info (accessed on:04/22/2020),ref_geneInfo_gene_1058
04/22/2020,http://mygene.info/v3/gene/1441,mygene.info (accessed on:04/22/2020),ref_geneInfo_gene_1441
04/22/2020,http://mygene.info/v3/gene/1050,mygene.info (accessed on:04/22/2020),ref_geneInfo_gene_1050
04/22/2020,http://mygene.info/v3/gene/1108,mygene.info (accessed on:04/22/2020),ref_geneInfo_gene_1108
04/22/2020,http://mygene.info/v3/gene/1436,mygene.info (accessed on:04/22/2020),ref_geneInfo_gene_1436
04/22/2020,http://mygene.info/v3/gene/23152,mygene.info (accessed on:04/22/2020),ref_geneInfo_gene_23152
04/22/2020,http://mygene.info/v3/gene/64109,mygene.info (accessed on:04/22/2020),ref_geneInfo_gene_64109
04/22/2020,http://mygene.info/v3/gene/1111,mygene.info (accessed on:04/22/2020),ref_geneInfo_gene_1111
04/22/2020,http://mygene.info/v3/gene/1387,mygene.info (accessed on:04/22/2020),ref_geneInfo_gene_1387
04/22/2020,http://mygene.info/v3/gene/11200,mygene.info (accessed on:04/22/2020),ref_geneInfo_gene_11200
04/22/2020,http://mygene.info/v3/gene/1457,mygene.info (accessed on:04/22/2020),ref_geneInfo_gene_1457
04/22/2020,http://mygene.info/v3/gene/1452,mygene.info (accessed on:04/22/2020),ref_geneInfo_gene_1452
04/22/2020,http://mygene.info/v3/gene/1493,mygene.info (accessed on:04/22/2020),ref_geneInfo_gene_1493
04/22/2020,http://mygene.info/v3/gene/8452,mygene.info (accessed on:04/22/2020),ref_geneInfo_gene_8452
04/22/2020,http://mygene.info/v3/gene/7852,mygene.info (accessed on:04/22/2020),ref_geneInfo_gene_7852
04/22/2020,http://mygene.info/v3/gene/10664,mygene.info (accessed on:04/22/2020),ref_geneInfo_gene_10664
04/22/2020,http://mygene.info/v3/gene/1523,mygene.info (accessed on:04/22/2020),ref_geneInfo_gene_1523
04/22/2020,http://mygene.info/v3/gene/3627,mygene.info (accessed on:04/22/2020),ref_geneInfo_gene_3627
04/22/2020,http://mygene.info/v3/gene/1495,mygene.info (accessed on:04/22/2020),ref_geneInfo_gene_1495
04/22/2020,http://mygene.info/v3/gene/1540,mygene.info (accessed on:04/22/2020),ref_geneInfo_gene_1540
04/22/2020,http://mygene.info/v3/gene/1499,mygene.info (accessed on:04/22/2020),ref_geneInfo_gene_1499
04/22/2020,http://mygene.info/v3/gene/1616,mygene.info (accessed on:04/22/2020),ref_geneInfo_gene_1616
04/22/2020,http://mygene.info/v3/gene/22894,mygene.info (accessed on:04/22/2020),ref_geneInfo_gene_22894
04/22/2020,http://mygene.info/v3/gene/1789,mygene.info (accessed on:04/22/2020),ref_geneInfo_gene_1789
04/22/2020,http://mygene.info/v3/gene/51428,mygene.info (accessed on:04/22/2020),ref_geneInfo_gene_51428
04/22/2020,http://mygene.info/v3/gene/10663,mygene.info (accessed on:04/22/2020),ref_geneInfo_gene_10663
04/22/2020,http://mygene.info/v3/gene/1956,mygene.info (accessed on:04/22/2020),ref_geneInfo_gene_1956
04/22/2020,http://mygene.info/v3/gene/54165,mygene.info (accessed on:04/22/2020),ref_geneInfo_gene_54165
04/22/2020,http://mygene.info/v3/gene/23405,mygene.info (accessed on:04/22/2020),ref_geneInfo_gene_23405
04/22/2020,http://mygene.info/v3/gene/84444,mygene.info (accessed on:04/22/2020),ref_geneInfo_gene_84444
04/22/2020,http://mygene.info/v3/gene/23586,mygene.info (accessed on:04/22/2020),ref_geneInfo_gene_23586
04/22/2020,http://mygene.info/v3/gene/4921,mygene.info (accessed on:04/22/2020),ref_geneInfo_gene_4921
04/22/2020,http://mygene.info/v3/gene/3337,mygene.info (accessed on:04/22/2020),ref_geneInfo_gene_3337
04/22/2020,http://mygene.info/v3/gene/1788,mygene.info (accessed on:04/22/2020),ref_geneInfo_gene_1788
04/22/2020,http://mygene.info/v3/gene/1665,mygene.info (accessed on:04/22/2020),ref_geneInfo_gene_1665
04/22/2020,http://mygene.info/v3/gene/1786,mygene.info (accessed on:04/22/2020),ref_geneInfo_gene_1786
04/22/2020,http://mygene.info/v3/gene/51162,mygene.info (accessed on:04/22/2020),ref_geneInfo_gene_51162
04/22/2020,http://mygene.info/v3/gene/2042,mygene.info (accessed on:04/22/2020),ref_geneInfo_gene_2042
04/22/2020,http://mygene.info/v3/gene/1977,mygene.info (accessed on:04/22/2020),ref_geneInfo_gene_1977
04/22/2020,http://mygene.info/v3/gene/953,mygene.info (accessed on:04/22/2020),ref_geneInfo_gene_953
04/22/2020,http://mygene.info/v3/gene/1871,mygene.info (accessed on:04/22/2020),ref_geneInfo_gene_1871
04/22/2020,http://mygene.info/v3/gene/2045,mygene.info (accessed on:04/22/2020),ref_geneInfo_gene_2045
04/22/2020,http://mygene.info/v3/gene/1974,mygene.info (accessed on:04/22/2020),ref_geneInfo_gene_1974
04/22/2020,http://mygene.info/v3/gene/2033,mygene.info (accessed on:04/22/2020),ref_geneInfo_gene_2033
04/22/2020,http://mygene.info/v3/gene/8726,mygene.info (accessed on:04/22/2020),ref_geneInfo_gene_8726
04/22/2020,http://mygene.info/v3/gene/1964,mygene.info (accessed on:04/22/2020),ref_geneInfo_gene_1964
04/22/2020,http://mygene.info/v3/gene/27436,mygene.info (accessed on:04/22/2020),ref_geneInfo_gene_27436
04/22/2020,http://mygene.info/v3/gene/4072,mygene.info (accessed on:04/22/2020),ref_geneInfo_gene_4072
04/22/2020,http://mygene.info/v3/gene/2066,mygene.info (accessed on:04/22/2020),ref_geneInfo_gene_2066
04/22/2020,http://mygene.info/v3/gene/2044,mygene.info (accessed on:04/22/2020),ref_geneInfo_gene_2044
04/22/2020,http://mygene.info/v3/gene/2071,mygene.info (accessed on:04/22/2020),ref_geneInfo_gene_2071
04/22/2020,http://mygene.info/v3/gene/2065,mygene.info (accessed on:04/22/2020),ref_geneInfo_gene_2065
04/22/2020,http://mygene.info/v3/gene/2067,mygene.info (accessed on:04/22/2020),ref_geneInfo_gene_2067
04/22/2020,http://mygene.info/v3/gene/2099,mygene.info (accessed on:04/22/2020),ref_geneInfo_gene_2099
04/22/2020,http://mygene.info/v3/gene/2047,mygene.info (accessed on:04/22/2020),ref_geneInfo_gene_2047
04/22/2020,http://mygene.info/v3/gene/2068,mygene.info (accessed on:04/22/2020),ref_geneInfo_gene_2068
04/22/2020,http://mygene.info/v3/gene/2078,mygene.info (accessed on:04/22/2020),ref_geneInfo_gene_2078
04/22/2020,http://mygene.info/v3/gene/2064,mygene.info (accessed on:04/22/2020),ref_geneInfo_gene_2064
04/22/2020,http://mygene.info/v3/gene/2072,mygene.info (accessed on:04/22/2020),ref_geneInfo_gene_2072
04/22/2020,http://mygene.info/v3/gene/2113,mygene.info (accessed on:04/22/2020),ref_geneInfo_gene_2113
04/22/2020,http://mygene.info/v3/gene/54206,mygene.info (accessed on:04/22/2020),ref_geneInfo_gene_54206
04/22/2020,http://mygene.info/v3/gene/2073,mygene.info (accessed on:04/22/2020),ref_geneInfo_gene_2073
04/22/2020,http://mygene.info/v3/gene/139285,mygene.info (accessed on:04/22/2020),ref_geneInfo_gene_139285
04/22/2020,http://mygene.info/v3/gene/2119,mygene.info (accessed on:04/22/2020),ref_geneInfo_gene_2119
04/22/2020,http://mygene.info/v3/gene/2115,mygene.info (accessed on:04/22/2020),ref_geneInfo_gene_2115
04/22/2020,http://mygene.info/v3/gene/2120,mygene.info (accessed on:04/22/2020),ref_geneInfo_gene_2120
04/22/2020,http://mygene.info/v3/gene/2118,mygene.info (accessed on:04/22/2020),ref_geneInfo_gene_2118
04/22/2020,http://mygene.info/v3/gene/2130,mygene.info (accessed on:04/22/2020),ref_geneInfo_gene_2130
04/22/2020,http://mygene.info/v3/gene/2248,mygene.info (accessed on:04/22/2020),ref_geneInfo_gene_2248
04/22/2020,http://mygene.info/v3/gene/2251,mygene.info (accessed on:04/22/2020),ref_geneInfo_gene_2251
04/22/2020,http://mygene.info/v3/gene/2146,mygene.info (accessed on:04/22/2020),ref_geneInfo_gene_2146
04/22/2020,http://mygene.info/v3/gene/2175,mygene.info (accessed on:04/22/2020),ref_geneInfo_gene_2175
04/22/2020,http://mygene.info/v3/gene/2189,mygene.info (accessed on:04/22/2020),ref_geneInfo_gene_2189
04/22/2020,http://mygene.info/v3/gene/2177,mygene.info (accessed on:04/22/2020),ref_geneInfo_gene_2177
04/22/2020,http://mygene.info/v3/gene/55215,mygene.info (accessed on:04/22/2020),ref_geneInfo_gene_55215
04/22/2020,http://mygene.info/v3/gene/84142,mygene.info (accessed on:04/22/2020),ref_geneInfo_gene_84142
04/22/2020,http://mygene.info/v3/gene/2188,mygene.info (accessed on:04/22/2020),ref_geneInfo_gene_2188
04/22/2020,http://mygene.info/v3/gene/355,mygene.info (accessed on:04/22/2020),ref_geneInfo_gene_355
04/22/2020,http://mygene.info/v3/gene/54855,mygene.info (accessed on:04/22/2020),ref_geneInfo_gene_54855
04/22/2020,http://mygene.info/v3/gene/2178,mygene.info (accessed on:04/22/2020),ref_geneInfo_gene_2178
04/22/2020,http://mygene.info/v3/gene/2176,mygene.info (accessed on:04/22/2020),ref_geneInfo_gene_2176
04/22/2020,http://mygene.info/v3/gene/55120,mygene.info (accessed on:04/22/2020),ref_geneInfo_gene_55120
04/22/2020,http://mygene.info/v3/gene/2195,mygene.info (accessed on:04/22/2020),ref_geneInfo_gene_2195
04/22/2020,http://mygene.info/v3/gene/2255,mygene.info (accessed on:04/22/2020),ref_geneInfo_gene_2255
04/22/2020,http://mygene.info/v3/gene/2259,mygene.info (accessed on:04/22/2020),ref_geneInfo_gene_2259
04/22/2020,http://mygene.info/v3/gene/2247,mygene.info (accessed on:04/22/2020),ref_geneInfo_gene_2247
04/22/2020,http://mygene.info/v3/gene/55294,mygene.info (accessed on:04/22/2020),ref_geneInfo_gene_55294
04/22/2020,http://mygene.info/v3/gene/2246,mygene.info (accessed on:04/22/2020),ref_geneInfo_gene_2246
04/22/2020,http://mygene.info/v3/gene/8074,mygene.info (accessed on:04/22/2020),ref_geneInfo_gene_8074
04/22/2020,http://mygene.info/v3/gene/3021,mygene.info (accessed on:04/22/2020),ref_geneInfo_gene_3021
04/22/2020,http://mygene.info/v3/gene/2254,mygene.info (accessed on:04/22/2020),ref_geneInfo_gene_2254
04/22/2020,http://mygene.info/v3/gene/201163,mygene.info (accessed on:04/22/2020),ref_geneInfo_gene_201163
04/22/2020,http://mygene.info/v3/gene/2249,mygene.info (accessed on:04/22/2020),ref_geneInfo_gene_2249
04/22/2020,http://mygene.info/v3/gene/2252,mygene.info (accessed on:04/22/2020),ref_geneInfo_gene_2252
04/22/2020,http://mygene.info/v3/gene/9965,mygene.info (accessed on:04/22/2020),ref_geneInfo_gene_9965
04/22/2020,http://mygene.info/v3/gene/2250,mygene.info (accessed on:04/22/2020),ref_geneInfo_gene_2250
04/22/2020,http://mygene.info/v3/gene/2253,mygene.info (accessed on:04/22/2020),ref_geneInfo_gene_2253
04/22/2020,http://mygene.info/v3/gene/2264,mygene.info (accessed on:04/22/2020),ref_geneInfo_gene_2264
04/22/2020,http://mygene.info/v3/gene/10818,mygene.info (accessed on:04/22/2020),ref_geneInfo_gene_10818
04/22/2020,http://mygene.info/v3/gene/2260,mygene.info (accessed on:04/22/2020),ref_geneInfo_gene_2260
04/22/2020,http://mygene.info/v3/gene/2324,mygene.info (accessed on:04/22/2020),ref_geneInfo_gene_2324
04/22/2020,http://mygene.info/v3/gene/2261,mygene.info (accessed on:04/22/2020),ref_geneInfo_gene_2261
04/22/2020,http://mygene.info/v3/gene/2313,mygene.info (accessed on:04/22/2020),ref_geneInfo_gene_2313
04/22/2020,http://mygene.info/v3/gene/2271,mygene.info (accessed on:04/22/2020),ref_geneInfo_gene_2271
04/22/2020,http://mygene.info/v3/gene/27086,mygene.info (accessed on:04/22/2020),ref_geneInfo_gene_27086
04/22/2020,http://mygene.info/v3/gene/2322,mygene.info (accessed on:04/22/2020),ref_geneInfo_gene_2322
04/22/2020,http://mygene.info/v3/gene/668,mygene.info (accessed on:04/22/2020),ref_geneInfo_gene_668
04/22/2020,http://mygene.info/v3/gene/3169,mygene.info (accessed on:04/22/2020),ref_geneInfo_gene_3169
04/22/2020,http://mygene.info/v3/gene/2621,mygene.info (accessed on:04/22/2020),ref_geneInfo_gene_2621
04/22/2020,http://mygene.info/v3/gene/2321,mygene.info (accessed on:04/22/2020),ref_geneInfo_gene_2321
04/22/2020,http://mygene.info/v3/gene/2308,mygene.info (accessed on:04/22/2020),ref_geneInfo_gene_2308
04/22/2020,http://mygene.info/v3/gene/2559,mygene.info (accessed on:04/22/2020),ref_geneInfo_gene_2559
04/22/2020,http://mygene.info/v3/gene/50943,mygene.info (accessed on:04/22/2020),ref_geneInfo_gene_50943
04/22/2020,http://mygene.info/v3/gene/2623,mygene.info (accessed on:04/22/2020),ref_geneInfo_gene_2623
04/22/2020,http://mygene.info/v3/gene/2624,mygene.info (accessed on:04/22/2020),ref_geneInfo_gene_2624
04/22/2020,http://mygene.info/v3/gene/348654,mygene.info (accessed on:04/22/2020),ref_geneInfo_gene_348654
04/22/2020,http://mygene.info/v3/gene/8880,mygene.info (accessed on:04/22/2020),ref_geneInfo_gene_8880
04/22/2020,http://mygene.info/v3/gene/2626,mygene.info (accessed on:04/22/2020),ref_geneInfo_gene_2626
04/22/2020,http://mygene.info/v3/gene/2534,mygene.info (accessed on:04/22/2020),ref_geneInfo_gene_2534
04/22/2020,http://mygene.info/v3/gene/2625,mygene.info (accessed on:04/22/2020),ref_geneInfo_gene_2625
04/22/2020,http://mygene.info/v3/gene/79018,mygene.info (accessed on:04/22/2020),ref_geneInfo_gene_79018
04/22/2020,http://mygene.info/v3/gene/2913,mygene.info (accessed on:04/22/2020),ref_geneInfo_gene_2913
04/22/2020,http://mygene.info/v3/gene/2627,mygene.info (accessed on:04/22/2020),ref_geneInfo_gene_2627
04/22/2020,http://mygene.info/v3/gene/2735,mygene.info (accessed on:04/22/2020),ref_geneInfo_gene_2735
04/22/2020,http://mygene.info/v3/gene/2767,mygene.info (accessed on:04/22/2020),ref_geneInfo_gene_2767
04/22/2020,http://mygene.info/v3/gene/25960,mygene.info (accessed on:04/22/2020),ref_geneInfo_gene_25960
04/22/2020,http://mygene.info/v3/gene/2874,mygene.info (accessed on:04/22/2020),ref_geneInfo_gene_2874
04/22/2020,http://mygene.info/v3/gene/2776,mygene.info (accessed on:04/22/2020),ref_geneInfo_gene_2776
04/22/2020,http://mygene.info/v3/gene/10672,mygene.info (accessed on:04/22/2020),ref_geneInfo_gene_10672
04/22/2020,http://mygene.info/v3/gene/2778,mygene.info (accessed on:04/22/2020),ref_geneInfo_gene_2778
04/22/2020,http://mygene.info/v3/gene/2903,mygene.info (accessed on:04/22/2020),ref_geneInfo_gene_2903
04/22/2020,http://mygene.info/v3/gene/26585,mygene.info (accessed on:04/22/2020),ref_geneInfo_gene_26585
04/22/2020,http://mygene.info/v3/gene/440093,mygene.info (accessed on:04/22/2020),ref_geneInfo_gene_440093
04/22/2020,http://mygene.info/v3/gene/3002,mygene.info (accessed on:04/22/2020),ref_geneInfo_gene_3002
04/22/2020,http://mygene.info/v3/gene/2932,mygene.info (accessed on:04/22/2020),ref_geneInfo_gene_2932
04/22/2020,http://mygene.info/v3/gene/3082,mygene.info (accessed on:04/22/2020),ref_geneInfo_gene_3082
04/22/2020,http://mygene.info/v3/gene/8358,mygene.info (accessed on:04/22/2020),ref_geneInfo_gene_8358
04/22/2020,http://mygene.info/v3/gene/8357,mygene.info (accessed on:04/22/2020),ref_geneInfo_gene_8357
04/22/2020,http://mygene.info/v3/gene/3417,mygene.info (accessed on:04/22/2020),ref_geneInfo_gene_3417
04/22/2020,http://mygene.info/v3/gene/3006,mygene.info (accessed on:04/22/2020),ref_geneInfo_gene_3006
04/22/2020,http://mygene.info/v3/gene/8353,mygene.info (accessed on:04/22/2020),ref_geneInfo_gene_8353
04/22/2020,http://mygene.info/v3/gene/3020,mygene.info (accessed on:04/22/2020),ref_geneInfo_gene_3020
04/22/2020,http://mygene.info/v3/gene/84868,mygene.info (accessed on:04/22/2020),ref_geneInfo_gene_84868
04/22/2020,http://mygene.info/v3/gene/8354,mygene.info (accessed on:04/22/2020),ref_geneInfo_gene_8354
04/22/2020,http://mygene.info/v3/gene/6927,mygene.info (accessed on:04/22/2020),ref_geneInfo_gene_6927
04/22/2020,http://mygene.info/v3/gene/3017,mygene.info (accessed on:04/22/2020),ref_geneInfo_gene_3017
04/22/2020,http://mygene.info/v3/gene/126961,mygene.info (accessed on:04/22/2020),ref_geneInfo_gene_126961
04/22/2020,http://mygene.info/v3/gene/8350,mygene.info (accessed on:04/22/2020),ref_geneInfo_gene_8350
04/22/2020,http://mygene.info/v3/gene/8356,mygene.info (accessed on:04/22/2020),ref_geneInfo_gene_8356
04/22/2020,http://mygene.info/v3/gene/3190,mygene.info (accessed on:04/22/2020),ref_geneInfo_gene_3190
04/22/2020,http://mygene.info/v3/gene/8355,mygene.info (accessed on:04/22/2020),ref_geneInfo_gene_8355
04/22/2020,http://mygene.info/v3/gene/653604,mygene.info (accessed on:04/22/2020),ref_geneInfo_gene_653604
04/22/2020,http://mygene.info/v3/gene/8968,mygene.info (accessed on:04/22/2020),ref_geneInfo_gene_8968
04/22/2020,http://mygene.info/v3/gene/333932,mygene.info (accessed on:04/22/2020),ref_geneInfo_gene_333932
04/22/2020,http://mygene.info/v3/gene/3105,mygene.info (accessed on:04/22/2020),ref_geneInfo_gene_3105
04/22/2020,http://mygene.info/v3/gene/3265,mygene.info (accessed on:04/22/2020),ref_geneInfo_gene_3265
04/22/2020,http://mygene.info/v3/gene/8290,mygene.info (accessed on:04/22/2020),ref_geneInfo_gene_8290
04/22/2020,http://mygene.info/v3/gene/3320,mygene.info (accessed on:04/22/2020),ref_geneInfo_gene_3320
04/22/2020,http://mygene.info/v3/gene/23308,mygene.info (accessed on:04/22/2020),ref_geneInfo_gene_23308
04/22/2020,http://mygene.info/v3/gene/3283,mygene.info (accessed on:04/22/2020),ref_geneInfo_gene_3283
04/22/2020,http://mygene.info/v3/gene/10410,mygene.info (accessed on:04/22/2020),ref_geneInfo_gene_10410
04/22/2020,http://mygene.info/v3/gene/10481,mygene.info (accessed on:04/22/2020),ref_geneInfo_gene_10481
04/22/2020,http://mygene.info/v3/gene/29851,mygene.info (accessed on:04/22/2020),ref_geneInfo_gene_29851
04/22/2020,http://mygene.info/v3/gene/10320,mygene.info (accessed on:04/22/2020),ref_geneInfo_gene_10320
04/22/2020,http://mygene.info/v3/gene/3399,mygene.info (accessed on:04/22/2020),ref_geneInfo_gene_3399
04/22/2020,http://mygene.info/v3/gene/3620,mygene.info (accessed on:04/22/2020),ref_geneInfo_gene_3620
04/22/2020,http://mygene.info/v3/gene/3418,mygene.info (accessed on:04/22/2020),ref_geneInfo_gene_3418
04/22/2020,http://mygene.info/v3/gene/3458,mygene.info (accessed on:04/22/2020),ref_geneInfo_gene_3458
04/22/2020,http://mygene.info/v3/gene/3480,mygene.info (accessed on:04/22/2020),ref_geneInfo_gene_3480
04/22/2020,http://mygene.info/v3/gene/3479,mygene.info (accessed on:04/22/2020),ref_geneInfo_gene_3479
04/22/2020,http://mygene.info/v3/gene/8519,mygene.info (accessed on:04/22/2020),ref_geneInfo_gene_8519
04/22/2020,http://mygene.info/v3/gene/3586,mygene.info (accessed on:04/22/2020),ref_geneInfo_gene_3586
04/22/2020,http://mygene.info/v3/gene/3575,mygene.info (accessed on:04/22/2020),ref_geneInfo_gene_3575
04/22/2020,http://mygene.info/v3/gene/3643,mygene.info (accessed on:04/22/2020),ref_geneInfo_gene_3643
04/22/2020,http://mygene.info/v3/gene/3459,mygene.info (accessed on:04/22/2020),ref_geneInfo_gene_3459
04/22/2020,http://mygene.info/v3/gene/3553,mygene.info (accessed on:04/22/2020),ref_geneInfo_gene_3553
04/22/2020,http://mygene.info/v3/gene/3624,mygene.info (accessed on:04/22/2020),ref_geneInfo_gene_3624
04/22/2020,http://mygene.info/v3/gene/9641,mygene.info (accessed on:04/22/2020),ref_geneInfo_gene_9641
04/22/2020,http://mygene.info/v3/gene/3631,mygene.info (accessed on:04/22/2020),ref_geneInfo_gene_3631
04/22/2020,http://mygene.info/v3/gene/3481,mygene.info (accessed on:04/22/2020),ref_geneInfo_gene_3481
04/22/2020,http://mygene.info/v3/gene/3569,mygene.info (accessed on:04/22/2020),ref_geneInfo_gene_3569
04/22/2020,http://mygene.info/v3/gene/3623,mygene.info (accessed on:04/22/2020),ref_geneInfo_gene_3623
04/22/2020,http://mygene.info/v3/gene/8821,mygene.info (accessed on:04/22/2020),ref_geneInfo_gene_8821
04/22/2020,http://mygene.info/v3/gene/3662,mygene.info (accessed on:04/22/2020),ref_geneInfo_gene_3662
04/22/2020,http://mygene.info/v3/gene/89857,mygene.info (accessed on:04/22/2020),ref_geneInfo_gene_89857
04/22/2020,http://mygene.info/v3/gene/3660,mygene.info (accessed on:04/22/2020),ref_geneInfo_gene_3660
04/22/2020,http://mygene.info/v3/gene/8660,mygene.info (accessed on:04/22/2020),ref_geneInfo_gene_8660
04/22/2020,http://mygene.info/v3/gene/3717,mygene.info (accessed on:04/22/2020),ref_geneInfo_gene_3717
04/22/2020,http://mygene.info/v3/gene/3667,mygene.info (accessed on:04/22/2020),ref_geneInfo_gene_3667
04/22/2020,http://mygene.info/v3/gene/3716,mygene.info (accessed on:04/22/2020),ref_geneInfo_gene_3716
04/22/2020,http://mygene.info/v3/gene/3718,mygene.info (accessed on:04/22/2020),ref_geneInfo_gene_3718
04/22/2020,http://mygene.info/v3/gene/7403,mygene.info (accessed on:04/22/2020),ref_geneInfo_gene_7403
04/22/2020,http://mygene.info/v3/gene/7994,mygene.info (accessed on:04/22/2020),ref_geneInfo_gene_7994
04/22/2020,http://mygene.info/v3/gene/3792,mygene.info (accessed on:04/22/2020),ref_geneInfo_gene_3792
04/22/2020,http://mygene.info/v3/gene/5927,mygene.info (accessed on:04/22/2020),ref_geneInfo_gene_5927
04/22/2020,http://mygene.info/v3/gene/3725,mygene.info (accessed on:04/22/2020),ref_geneInfo_gene_3725
04/22/2020,http://mygene.info/v3/gene/3799,mygene.info (accessed on:04/22/2020),ref_geneInfo_gene_3799
04/22/2020,http://mygene.info/v3/gene/9314,mygene.info (accessed on:04/22/2020),ref_geneInfo_gene_9314
04/22/2020,http://mygene.info/v3/gene/8242,mygene.info (accessed on:04/22/2020),ref_geneInfo_gene_8242
04/22/2020,http://mygene.info/v3/gene/3791,mygene.info (accessed on:04/22/2020),ref_geneInfo_gene_3791
04/22/2020,http://mygene.info/v3/gene/9817,mygene.info (accessed on:04/22/2020),ref_geneInfo_gene_9817
04/22/2020,http://mygene.info/v3/gene/58508,mygene.info (accessed on:04/22/2020),ref_geneInfo_gene_58508
04/22/2020,http://mygene.info/v3/gene/9113,mygene.info (accessed on:04/22/2020),ref_geneInfo_gene_9113
04/22/2020,http://mygene.info/v3/gene/3824,mygene.info (accessed on:04/22/2020),ref_geneInfo_gene_3824
04/22/2020,http://mygene.info/v3/gene/90417,mygene.info (accessed on:04/22/2020),ref_geneInfo_gene_90417
04/22/2020,http://mygene.info/v3/gene/9757,mygene.info (accessed on:04/22/2020),ref_geneInfo_gene_9757
04/22/2020,http://mygene.info/v3/gene/3815,mygene.info (accessed on:04/22/2020),ref_geneInfo_gene_3815
04/22/2020,http://mygene.info/v3/gene/4067,mygene.info (accessed on:04/22/2020),ref_geneInfo_gene_4067
04/22/2020,http://mygene.info/v3/gene/8085,mygene.info (accessed on:04/22/2020),ref_geneInfo_gene_8085
04/22/2020,http://mygene.info/v3/gene/3902,mygene.info (accessed on:04/22/2020),ref_geneInfo_gene_3902
04/22/2020,http://mygene.info/v3/gene/3916,mygene.info (accessed on:04/22/2020),ref_geneInfo_gene_3916
04/22/2020,http://mygene.info/v3/gene/4004,mygene.info (accessed on:04/22/2020),ref_geneInfo_gene_4004
04/22/2020,http://mygene.info/v3/gene/3845,mygene.info (accessed on:04/22/2020),ref_geneInfo_gene_3845
04/22/2020,http://mygene.info/v3/gene/10892,mygene.info (accessed on:04/22/2020),ref_geneInfo_gene_10892
04/22/2020,http://mygene.info/v3/gene/4194,mygene.info (accessed on:04/22/2020),ref_geneInfo_gene_4194
04/22/2020,http://mygene.info/v3/gene/26524,mygene.info (accessed on:04/22/2020),ref_geneInfo_gene_26524
04/22/2020,http://mygene.info/v3/gene/8216,mygene.info (accessed on:04/22/2020),ref_geneInfo_gene_8216
04/22/2020,http://mygene.info/v3/gene/53353,mygene.info (accessed on:04/22/2020),ref_geneInfo_gene_53353
04/22/2020,http://mygene.info/v3/gene/9863,mygene.info (accessed on:04/22/2020),ref_geneInfo_gene_9863
04/22/2020,http://mygene.info/v3/gene/5604,mygene.info (accessed on:04/22/2020),ref_geneInfo_gene_5604
04/22/2020,http://mygene.info/v3/gene/4214,mygene.info (accessed on:04/22/2020),ref_geneInfo_gene_4214
04/22/2020,http://mygene.info/v3/gene/6416,mygene.info (accessed on:04/22/2020),ref_geneInfo_gene_6416
04/22/2020,http://mygene.info/v3/gene/5594,mygene.info (accessed on:04/22/2020),ref_geneInfo_gene_5594
04/22/2020,http://mygene.info/v3/gene/4170,mygene.info (accessed on:04/22/2020),ref_geneInfo_gene_4170
04/22/2020,http://mygene.info/v3/gene/4116,mygene.info (accessed on:04/22/2020),ref_geneInfo_gene_4116
04/22/2020,http://mygene.info/v3/gene/5605,mygene.info (accessed on:04/22/2020),ref_geneInfo_gene_5605
04/22/2020,http://mygene.info/v3/gene/5595,mygene.info (accessed on:04/22/2020),ref_geneInfo_gene_5595
04/22/2020,http://mygene.info/v3/gene/9656,mygene.info (accessed on:04/22/2020),ref_geneInfo_gene_9656
04/22/2020,http://mygene.info/v3/gene/4149,mygene.info (accessed on:04/22/2020),ref_geneInfo_gene_4149
04/22/2020,http://mygene.info/v3/gene/4233,mygene.info (accessed on:04/22/2020),ref_geneInfo_gene_4233
04/22/2020,http://mygene.info/v3/gene/9175,mygene.info (accessed on:04/22/2020),ref_geneInfo_gene_9175
04/22/2020,http://mygene.info/v3/gene/4193,mygene.info (accessed on:04/22/2020),ref_geneInfo_gene_4193
04/22/2020,http://mygene.info/v3/gene/4216,mygene.info (accessed on:04/22/2020),ref_geneInfo_gene_4216
04/22/2020,http://mygene.info/v3/gene/9968,mygene.info (accessed on:04/22/2020),ref_geneInfo_gene_9968
04/22/2020,http://mygene.info/v3/gene/23269,mygene.info (accessed on:04/22/2020),ref_geneInfo_gene_23269
04/22/2020,http://mygene.info/v3/gene/4286,mygene.info (accessed on:04/22/2020),ref_geneInfo_gene_4286
04/22/2020,http://mygene.info/v3/gene/2475,mygene.info (accessed on:04/22/2020),ref_geneInfo_gene_2475
04/22/2020,http://mygene.info/v3/gene/4221,mygene.info (accessed on:04/22/2020),ref_geneInfo_gene_4221
04/22/2020,http://mygene.info/v3/gene/4297,mygene.info (accessed on:04/22/2020),ref_geneInfo_gene_4297
04/22/2020,http://mygene.info/v3/gene/100271849,mygene.info (accessed on:04/22/2020),ref_geneInfo_gene_100271849
04/22/2020,http://mygene.info/v3/gene/4352,mygene.info (accessed on:04/22/2020),ref_geneInfo_gene_4352
04/22/2020,http://mygene.info/v3/gene/4437,mygene.info (accessed on:04/22/2020),ref_geneInfo_gene_4437
04/22/2020,http://mygene.info/v3/gene/4610,mygene.info (accessed on:04/22/2020),ref_geneInfo_gene_4610
04/22/2020,http://mygene.info/v3/gene/4615,mygene.info (accessed on:04/22/2020),ref_geneInfo_gene_4615
04/22/2020,http://mygene.info/v3/gene/4292,mygene.info (accessed on:04/22/2020),ref_geneInfo_gene_4292
04/22/2020,http://mygene.info/v3/gene/4436,mygene.info (accessed on:04/22/2020),ref_geneInfo_gene_4436
04/22/2020,http://mygene.info/v3/gene/4300,mygene.info (accessed on:04/22/2020),ref_geneInfo_gene_4300
04/22/2020,http://mygene.info/v3/gene/931,mygene.info (accessed on:04/22/2020),ref_geneInfo_gene_931
04/22/2020,http://mygene.info/v3/gene/4361,mygene.info (accessed on:04/22/2020),ref_geneInfo_gene_4361
04/22/2020,http://mygene.info/v3/gene/4486,mygene.info (accessed on:04/22/2020),ref_geneInfo_gene_4486
04/22/2020,http://mygene.info/v3/gene/4595,mygene.info (accessed on:04/22/2020),ref_geneInfo_gene_4595
04/22/2020,http://mygene.info/v3/gene/4485,mygene.info (accessed on:04/22/2020),ref_geneInfo_gene_4485
04/22/2020,http://mygene.info/v3/gene/4609,mygene.info (accessed on:04/22/2020),ref_geneInfo_gene_4609
04/22/2020,http://mygene.info/v3/gene/4602,mygene.info (accessed on:04/22/2020),ref_geneInfo_gene_4602
04/22/2020,http://mygene.info/v3/gene/4683,mygene.info (accessed on:04/22/2020),ref_geneInfo_gene_4683
04/22/2020,http://mygene.info/v3/gene/2956,mygene.info (accessed on:04/22/2020),ref_geneInfo_gene_2956
04/22/2020,http://mygene.info/v3/gene/4599,mygene.info (accessed on:04/22/2020),ref_geneInfo_gene_4599
04/22/2020,http://mygene.info/v3/gene/4665,mygene.info (accessed on:04/22/2020),ref_geneInfo_gene_4665
04/22/2020,http://mygene.info/v3/gene/4613,mygene.info (accessed on:04/22/2020),ref_geneInfo_gene_4613
04/22/2020,http://mygene.info/v3/gene/4610,mygene.info (accessed on:04/22/2020),ref_geneInfo_gene_4610
04/22/2020,http://mygene.info/v3/gene/9611,mygene.info (accessed on:04/22/2020),ref_geneInfo_gene_9611
04/22/2020,http://mygene.info/v3/gene/4654,mygene.info (accessed on:04/22/2020),ref_geneInfo_gene_4654
04/22/2020,http://mygene.info/v3/gene/4824,mygene.info (accessed on:04/22/2020),ref_geneInfo_gene_4824
04/22/2020,http://mygene.info/v3/gene/399687,mygene.info (accessed on:04/22/2020),ref_geneInfo_gene_399687
04/22/2020,http://mygene.info/v3/gene/8202,mygene.info (accessed on:04/22/2020),ref_geneInfo_gene_8202
04/22/2020,http://mygene.info/v3/gene/4763,mygene.info (accessed on:04/22/2020),ref_geneInfo_gene_4763
04/22/2020,http://mygene.info/v3/gene/7080,mygene.info (accessed on:04/22/2020),ref_geneInfo_gene_7080
04/22/2020,http://mygene.info/v3/gene/4854,mygene.info (accessed on:04/22/2020),ref_geneInfo_gene_4854
04/22/2020,http://mygene.info/v3/gene/10957,mygene.info (accessed on:04/22/2020),ref_geneInfo_gene_10957
04/22/2020,http://mygene.info/v3/gene/80243,mygene.info (accessed on:04/22/2020),ref_geneInfo_gene_80243
04/22/2020,http://mygene.info/v3/gene/257194,mygene.info (accessed on:04/22/2020),ref_geneInfo_gene_257194
04/22/2020,http://mygene.info/v3/gene/26257,mygene.info (accessed on:04/22/2020),ref_geneInfo_gene_26257
04/22/2020,http://mygene.info/v3/gene/4855,mygene.info (accessed on:04/22/2020),ref_geneInfo_gene_4855
04/22/2020,http://mygene.info/v3/gene/4792,mygene.info (accessed on:04/22/2020),ref_geneInfo_gene_4792
04/22/2020,http://mygene.info/v3/gene/4853,mygene.info (accessed on:04/22/2020),ref_geneInfo_gene_4853
04/22/2020,http://mygene.info/v3/gene/4771,mygene.info (accessed on:04/22/2020),ref_geneInfo_gene_4771
04/22/2020,http://mygene.info/v3/gene/4851,mygene.info (accessed on:04/22/2020),ref_geneInfo_gene_4851
04/22/2020,http://mygene.info/v3/gene/3084,mygene.info (accessed on:04/22/2020),ref_geneInfo_gene_3084
04/22/2020,http://mygene.info/v3/gene/4780,mygene.info (accessed on:04/22/2020),ref_geneInfo_gene_4780
04/22/2020,http://mygene.info/v3/gene/4893,mygene.info (accessed on:04/22/2020),ref_geneInfo_gene_4893
04/22/2020,http://mygene.info/v3/gene/4869,mygene.info (accessed on:04/22/2020),ref_geneInfo_gene_4869
04/22/2020,http://mygene.info/v3/gene/5133,mygene.info (accessed on:04/22/2020),ref_geneInfo_gene_5133
04/22/2020,http://mygene.info/v3/gene/4915,mygene.info (accessed on:04/22/2020),ref_geneInfo_gene_4915
04/22/2020,http://mygene.info/v3/gene/4916,mygene.info (accessed on:04/22/2020),ref_geneInfo_gene_4916
04/22/2020,http://mygene.info/v3/gene/5063,mygene.info (accessed on:04/22/2020),ref_geneInfo_gene_5063
04/22/2020,http://mygene.info/v3/gene/64324,mygene.info (accessed on:04/22/2020),ref_geneInfo_gene_64324
04/22/2020,http://mygene.info/v3/gene/9688,mygene.info (accessed on:04/22/2020),ref_geneInfo_gene_9688
04/22/2020,http://mygene.info/v3/gene/4914,mygene.info (accessed on:04/22/2020),ref_geneInfo_gene_4914
04/22/2020,http://mygene.info/v3/gene/256646,mygene.info (accessed on:04/22/2020),ref_geneInfo_gene_256646
04/22/2020,http://mygene.info/v3/gene/5071,mygene.info (accessed on:04/22/2020),ref_geneInfo_gene_5071
04/22/2020,http://mygene.info/v3/gene/5058,mygene.info (accessed on:04/22/2020),ref_geneInfo_gene_5058
04/22/2020,http://mygene.info/v3/gene/5077,mygene.info (accessed on:04/22/2020),ref_geneInfo_gene_5077
04/22/2020,http://mygene.info/v3/gene/5290,mygene.info (accessed on:04/22/2020),ref_geneInfo_gene_5290
04/22/2020,http://mygene.info/v3/gene/57144,mygene.info (accessed on:04/22/2020),ref_geneInfo_gene_57144
04/22/2020,http://mygene.info/v3/gene/79728,mygene.info (accessed on:04/22/2020),ref_geneInfo_gene_79728
04/22/2020,http://mygene.info/v3/gene/142,mygene.info (accessed on:04/22/2020),ref_geneInfo_gene_142
04/22/2020,http://mygene.info/v3/gene/5081,mygene.info (accessed on:04/22/2020),ref_geneInfo_gene_5081
04/22/2020,http://mygene.info/v3/gene/55193,mygene.info (accessed on:04/22/2020),ref_geneInfo_gene_55193
04/22/2020,http://mygene.info/v3/gene/7849,mygene.info (accessed on:04/22/2020),ref_geneInfo_gene_7849
04/22/2020,http://mygene.info/v3/gene/80380,mygene.info (accessed on:04/22/2020),ref_geneInfo_gene_80380
04/22/2020,http://mygene.info/v3/gene/5079,mygene.info (accessed on:04/22/2020),ref_geneInfo_gene_5079
04/22/2020,http://mygene.info/v3/gene/5159,mygene.info (accessed on:04/22/2020),ref_geneInfo_gene_5159
04/22/2020,http://mygene.info/v3/gene/8929,mygene.info (accessed on:04/22/2020),ref_geneInfo_gene_8929
04/22/2020,http://mygene.info/v3/gene/5170,mygene.info (accessed on:04/22/2020),ref_geneInfo_gene_5170
04/22/2020,http://mygene.info/v3/gene/5287,mygene.info (accessed on:04/22/2020),ref_geneInfo_gene_5287
04/22/2020,http://mygene.info/v3/gene/84295,mygene.info (accessed on:04/22/2020),ref_geneInfo_gene_84295
04/22/2020,http://mygene.info/v3/gene/5291,mygene.info (accessed on:04/22/2020),ref_geneInfo_gene_5291
04/22/2020,http://mygene.info/v3/gene/5156,mygene.info (accessed on:04/22/2020),ref_geneInfo_gene_5156
04/22/2020,http://mygene.info/v3/gene/5163,mygene.info (accessed on:04/22/2020),ref_geneInfo_gene_5163
04/22/2020,http://mygene.info/v3/gene/5241,mygene.info (accessed on:04/22/2020),ref_geneInfo_gene_5241
04/22/2020,http://mygene.info/v3/gene/5289,mygene.info (accessed on:04/22/2020),ref_geneInfo_gene_5289
04/22/2020,http://mygene.info/v3/gene/5294,mygene.info (accessed on:04/22/2020),ref_geneInfo_gene_5294
04/22/2020,http://mygene.info/v3/gene/54949,mygene.info (accessed on:04/22/2020),ref_geneInfo_gene_54949
04/22/2020,http://mygene.info/v3/gene/5292,mygene.info (accessed on:04/22/2020),ref_geneInfo_gene_5292
04/22/2020,http://mygene.info/v3/gene/5378,mygene.info (accessed on:04/22/2020),ref_geneInfo_gene_5378
04/22/2020,http://mygene.info/v3/gene/5288,mygene.info (accessed on:04/22/2020),ref_geneInfo_gene_5288
04/22/2020,http://mygene.info/v3/gene/5426,mygene.info (accessed on:04/22/2020),ref_geneInfo_gene_5426
04/22/2020,http://mygene.info/v3/gene/5293,mygene.info (accessed on:04/22/2020),ref_geneInfo_gene_5293
04/22/2020,http://mygene.info/v3/gene/5296,mygene.info (accessed on:04/22/2020),ref_geneInfo_gene_5296
04/22/2020,http://mygene.info/v3/gene/5295,mygene.info (accessed on:04/22/2020),ref_geneInfo_gene_5295
04/22/2020,http://mygene.info/v3/gene/8503,mygene.info (accessed on:04/22/2020),ref_geneInfo_gene_8503
04/22/2020,http://mygene.info/v3/gene/5366,mygene.info (accessed on:04/22/2020),ref_geneInfo_gene_5366
04/22/2020,http://mygene.info/v3/gene/5336,mygene.info (accessed on:04/22/2020),ref_geneInfo_gene_5336
04/22/2020,http://mygene.info/v3/gene/5395,mygene.info (accessed on:04/22/2020),ref_geneInfo_gene_5395
04/22/2020,http://mygene.info/v3/gene/10769,mygene.info (accessed on:04/22/2020),ref_geneInfo_gene_10769
04/22/2020,http://mygene.info/v3/gene/4860,mygene.info (accessed on:04/22/2020),ref_geneInfo_gene_4860
04/22/2020,http://mygene.info/v3/gene/5518,mygene.info (accessed on:04/22/2020),ref_geneInfo_gene_5518
04/22/2020,http://mygene.info/v3/gene/5537,mygene.info (accessed on:04/22/2020),ref_geneInfo_gene_5537
04/22/2020,http://mygene.info/v3/gene/5424,mygene.info (accessed on:04/22/2020),ref_geneInfo_gene_5424
04/22/2020,http://mygene.info/v3/gene/5573,mygene.info (accessed on:04/22/2020),ref_geneInfo_gene_5573
04/22/2020,http://mygene.info/v3/gene/5789,mygene.info (accessed on:04/22/2020),ref_geneInfo_gene_5789
04/22/2020,http://mygene.info/v3/gene/8493,mygene.info (accessed on:04/22/2020),ref_geneInfo_gene_8493
04/22/2020,http://mygene.info/v3/gene/5468,mygene.info (accessed on:04/22/2020),ref_geneInfo_gene_5468
04/22/2020,http://mygene.info/v3/gene/5520,mygene.info (accessed on:04/22/2020),ref_geneInfo_gene_5520
04/22/2020,http://mygene.info/v3/gene/5591,mygene.info (accessed on:04/22/2020),ref_geneInfo_gene_5591
04/22/2020,http://mygene.info/v3/gene/639,mygene.info (accessed on:04/22/2020),ref_geneInfo_gene_639
04/22/2020,http://mygene.info/v3/gene/5652,mygene.info (accessed on:04/22/2020),ref_geneInfo_gene_5652
04/22/2020,http://mygene.info/v3/gene/5727,mygene.info (accessed on:04/22/2020),ref_geneInfo_gene_5727
04/22/2020,http://mygene.info/v3/gene/5914,mygene.info (accessed on:04/22/2020),ref_geneInfo_gene_5914
04/22/2020,http://mygene.info/v3/gene/5584,mygene.info (accessed on:04/22/2020),ref_geneInfo_gene_5584
04/22/2020,http://mygene.info/v3/gene/5879,mygene.info (accessed on:04/22/2020),ref_geneInfo_gene_5879
04/22/2020,http://mygene.info/v3/gene/5728,mygene.info (accessed on:04/22/2020),ref_geneInfo_gene_5728
04/22/2020,http://mygene.info/v3/gene/9444,mygene.info (accessed on:04/22/2020),ref_geneInfo_gene_9444
04/22/2020,http://mygene.info/v3/gene/5781,mygene.info (accessed on:04/22/2020),ref_geneInfo_gene_5781
04/22/2020,http://mygene.info/v3/gene/5802,mygene.info (accessed on:04/22/2020),ref_geneInfo_gene_5802
04/22/2020,http://mygene.info/v3/gene/5925,mygene.info (accessed on:04/22/2020),ref_geneInfo_gene_5925
04/22/2020,http://mygene.info/v3/gene/8986,mygene.info (accessed on:04/22/2020),ref_geneInfo_gene_8986
04/22/2020,http://mygene.info/v3/gene/11122,mygene.info (accessed on:04/22/2020),ref_geneInfo_gene_11122
04/22/2020,http://mygene.info/v3/gene/5893,mygene.info (accessed on:04/22/2020),ref_geneInfo_gene_5893
04/22/2020,http://mygene.info/v3/gene/5921,mygene.info (accessed on:04/22/2020),ref_geneInfo_gene_5921
04/22/2020,http://mygene.info/v3/gene/11021,mygene.info (accessed on:04/22/2020),ref_geneInfo_gene_11021
04/22/2020,http://mygene.info/v3/gene/10111,mygene.info (accessed on:04/22/2020),ref_geneInfo_gene_10111
04/22/2020,http://mygene.info/v3/gene/5888,mygene.info (accessed on:04/22/2020),ref_geneInfo_gene_5888
04/22/2020,http://mygene.info/v3/gene/5885,mygene.info (accessed on:04/22/2020),ref_geneInfo_gene_5885
04/22/2020,http://mygene.info/v3/gene/5890,mygene.info (accessed on:04/22/2020),ref_geneInfo_gene_5890
04/22/2020,http://mygene.info/v3/gene/5892,mygene.info (accessed on:04/22/2020),ref_geneInfo_gene_5892
04/22/2020,http://mygene.info/v3/gene/5894,mygene.info (accessed on:04/22/2020),ref_geneInfo_gene_5894
04/22/2020,http://mygene.info/v3/gene/8438,mygene.info (accessed on:04/22/2020),ref_geneInfo_gene_8438
04/22/2020,http://mygene.info/v3/gene/9401,mygene.info (accessed on:04/22/2020),ref_geneInfo_gene_9401
04/22/2020,http://mygene.info/v3/gene/5889,mygene.info (accessed on:04/22/2020),ref_geneInfo_gene_5889
04/22/2020,http://mygene.info/v3/gene/5903,mygene.info (accessed on:04/22/2020),ref_geneInfo_gene_5903
04/22/2020,http://mygene.info/v3/gene/6016,mygene.info (accessed on:04/22/2020),ref_geneInfo_gene_6016
04/22/2020,http://mygene.info/v3/gene/861,mygene.info (accessed on:04/22/2020),ref_geneInfo_gene_861
04/22/2020,http://mygene.info/v3/gene/8241,mygene.info (accessed on:04/22/2020),ref_geneInfo_gene_8241
04/22/2020,http://mygene.info/v3/gene/5966,mygene.info (accessed on:04/22/2020),ref_geneInfo_gene_5966
04/22/2020,http://mygene.info/v3/gene/387,mygene.info (accessed on:04/22/2020),ref_geneInfo_gene_387
04/22/2020,http://mygene.info/v3/gene/5979,mygene.info (accessed on:04/22/2020),ref_geneInfo_gene_5979
04/22/2020,http://mygene.info/v3/gene/6009,mygene.info (accessed on:04/22/2020),ref_geneInfo_gene_6009
04/22/2020,http://mygene.info/v3/gene/6098,mygene.info (accessed on:04/22/2020),ref_geneInfo_gene_6098
04/22/2020,http://mygene.info/v3/gene/64326,mygene.info (accessed on:04/22/2020),ref_geneInfo_gene_64326
04/22/2020,http://mygene.info/v3/gene/253260,mygene.info (accessed on:04/22/2020),ref_geneInfo_gene_253260
04/22/2020,http://mygene.info/v3/gene/54894,mygene.info (accessed on:04/22/2020),ref_geneInfo_gene_54894
04/22/2020,http://mygene.info/v3/gene/6198,mygene.info (accessed on:04/22/2020),ref_geneInfo_gene_6198
04/22/2020,http://mygene.info/v3/gene/6199,mygene.info (accessed on:04/22/2020),ref_geneInfo_gene_6199
04/22/2020,http://mygene.info/v3/gene/57521,mygene.info (accessed on:04/22/2020),ref_geneInfo_gene_57521
04/22/2020,http://mygene.info/v3/gene/23429,mygene.info (accessed on:04/22/2020),ref_geneInfo_gene_23429
04/22/2020,http://mygene.info/v3/gene/6389,mygene.info (accessed on:04/22/2020),ref_geneInfo_gene_6389
04/22/2020,http://mygene.info/v3/gene/6390,mygene.info (accessed on:04/22/2020),ref_geneInfo_gene_6390
04/22/2020,http://mygene.info/v3/gene/10019,mygene.info (accessed on:04/22/2020),ref_geneInfo_gene_10019
04/22/2020,http://mygene.info/v3/gene/6392,mygene.info (accessed on:04/22/2020),ref_geneInfo_gene_6392
04/22/2020,http://mygene.info/v3/gene/862,mygene.info (accessed on:04/22/2020),ref_geneInfo_gene_862
04/22/2020,http://mygene.info/v3/gene/6391,mygene.info (accessed on:04/22/2020),ref_geneInfo_gene_6391
04/22/2020,http://mygene.info/v3/gene/26040,mygene.info (accessed on:04/22/2020),ref_geneInfo_gene_26040
04/22/2020,http://mygene.info/v3/gene/4068,mygene.info (accessed on:04/22/2020),ref_geneInfo_gene_4068
04/22/2020,http://mygene.info/v3/gene/6597,mygene.info (accessed on:04/22/2020),ref_geneInfo_gene_6597
04/22/2020,http://mygene.info/v3/gene/9627,mygene.info (accessed on:04/22/2020),ref_geneInfo_gene_9627
04/22/2020,http://mygene.info/v3/gene/23451,mygene.info (accessed on:04/22/2020),ref_geneInfo_gene_23451
04/22/2020,http://mygene.info/v3/gene/29072,mygene.info (accessed on:04/22/2020),ref_geneInfo_gene_29072
04/22/2020,http://mygene.info/v3/gene/55164,mygene.info (accessed on:04/22/2020),ref_geneInfo_gene_55164
04/22/2020,http://mygene.info/v3/gene/84464,mygene.info (accessed on:04/22/2020),ref_geneInfo_gene_84464
04/22/2020,http://mygene.info/v3/gene/9353,mygene.info (accessed on:04/22/2020),ref_geneInfo_gene_9353
04/22/2020,http://mygene.info/v3/gene/4088,mygene.info (accessed on:04/22/2020),ref_geneInfo_gene_4088
04/22/2020,http://mygene.info/v3/gene/6598,mygene.info (accessed on:04/22/2020),ref_geneInfo_gene_6598
04/22/2020,http://mygene.info/v3/gene/4087,mygene.info (accessed on:04/22/2020),ref_geneInfo_gene_4087
04/22/2020,http://mygene.info/v3/gene/8243,mygene.info (accessed on:04/22/2020),ref_geneInfo_gene_8243
04/22/2020,http://mygene.info/v3/gene/64321,mygene.info (accessed on:04/22/2020),ref_geneInfo_gene_64321
04/22/2020,http://mygene.info/v3/gene/6602,mygene.info (accessed on:04/22/2020),ref_geneInfo_gene_6602
04/22/2020,http://mygene.info/v3/gene/4089,mygene.info (accessed on:04/22/2020),ref_geneInfo_gene_4089
04/22/2020,http://mygene.info/v3/gene/6608,mygene.info (accessed on:04/22/2020),ref_geneInfo_gene_6608
04/22/2020,http://mygene.info/v3/gene/6657,mygene.info (accessed on:04/22/2020),ref_geneInfo_gene_6657
04/22/2020,http://mygene.info/v3/gene/6427,mygene.info (accessed on:04/22/2020),ref_geneInfo_gene_6427
04/22/2020,http://mygene.info/v3/gene/6774,mygene.info (accessed on:04/22/2020),ref_geneInfo_gene_6774
04/22/2020,http://mygene.info/v3/gene/10274,mygene.info (accessed on:04/22/2020),ref_geneInfo_gene_10274
04/22/2020,http://mygene.info/v3/gene/6772,mygene.info (accessed on:04/22/2020),ref_geneInfo_gene_6772
04/22/2020,http://mygene.info/v3/gene/8651,mygene.info (accessed on:04/22/2020),ref_geneInfo_gene_8651
04/22/2020,http://mygene.info/v3/gene/23013,mygene.info (accessed on:04/22/2020),ref_geneInfo_gene_23013
04/22/2020,http://mygene.info/v3/gene/8405,mygene.info (accessed on:04/22/2020),ref_geneInfo_gene_8405
04/22/2020,http://mygene.info/v3/gene/10735,mygene.info (accessed on:04/22/2020),ref_geneInfo_gene_10735
04/22/2020,http://mygene.info/v3/gene/6662,mygene.info (accessed on:04/22/2020),ref_geneInfo_gene_6662
04/22/2020,http://mygene.info/v3/gene/6714,mygene.info (accessed on:04/22/2020),ref_geneInfo_gene_6714
04/22/2020,http://mygene.info/v3/gene/6708,mygene.info (accessed on:04/22/2020),ref_geneInfo_gene_6708
04/22/2020,http://mygene.info/v3/gene/6872,mygene.info (accessed on:04/22/2020),ref_geneInfo_gene_6872
04/22/2020,http://mygene.info/v3/gene/6777,mygene.info (accessed on:04/22/2020),ref_geneInfo_gene_6777
04/22/2020,http://mygene.info/v3/gene/83931,mygene.info (accessed on:04/22/2020),ref_geneInfo_gene_83931
04/22/2020,http://mygene.info/v3/gene/23512,mygene.info (accessed on:04/22/2020),ref_geneInfo_gene_23512
04/22/2020,http://mygene.info/v3/gene/6775,mygene.info (accessed on:04/22/2020),ref_geneInfo_gene_6775
04/22/2020,http://mygene.info/v3/gene/51684,mygene.info (accessed on:04/22/2020),ref_geneInfo_gene_51684
04/22/2020,http://mygene.info/v3/gene/6776,mygene.info (accessed on:04/22/2020),ref_geneInfo_gene_6776
04/22/2020,http://mygene.info/v3/gene/6794,mygene.info (accessed on:04/22/2020),ref_geneInfo_gene_6794
04/22/2020,http://mygene.info/v3/gene/6929,mygene.info (accessed on:04/22/2020),ref_geneInfo_gene_6929
04/22/2020,http://mygene.info/v3/gene/80312,mygene.info (accessed on:04/22/2020),ref_geneInfo_gene_80312
04/22/2020,http://mygene.info/v3/gene/30009,mygene.info (accessed on:04/22/2020),ref_geneInfo_gene_30009
04/22/2020,http://mygene.info/v3/gene/7012,mygene.info (accessed on:04/22/2020),ref_geneInfo_gene_7012
04/22/2020,http://mygene.info/v3/gene/7040,mygene.info (accessed on:04/22/2020),ref_geneInfo_gene_7040
04/22/2020,http://mygene.info/v3/gene/6850,mygene.info (accessed on:04/22/2020),ref_geneInfo_gene_6850
04/22/2020,http://mygene.info/v3/gene/6934,mygene.info (accessed on:04/22/2020),ref_geneInfo_gene_6934
04/22/2020,http://mygene.info/v3/gene/6921,mygene.info (accessed on:04/22/2020),ref_geneInfo_gene_6921
04/22/2020,http://mygene.info/v3/gene/6926,mygene.info (accessed on:04/22/2020),ref_geneInfo_gene_6926
04/22/2020,http://mygene.info/v3/gene/54790,mygene.info (accessed on:04/22/2020),ref_geneInfo_gene_54790
04/22/2020,http://mygene.info/v3/gene/55654,mygene.info (accessed on:04/22/2020),ref_geneInfo_gene_55654
04/22/2020,http://mygene.info/v3/gene/7015,mygene.info (accessed on:04/22/2020),ref_geneInfo_gene_7015
04/22/2020,http://mygene.info/v3/gene/7037,mygene.info (accessed on:04/22/2020),ref_geneInfo_gene_7037
04/22/2020,http://mygene.info/v3/gene/7046,mygene.info (accessed on:04/22/2020),ref_geneInfo_gene_7046
04/22/2020,http://mygene.info/v3/gene/7030,mygene.info (accessed on:04/22/2020),ref_geneInfo_gene_7030
04/22/2020,http://mygene.info/v3/gene/8764,mygene.info (accessed on:04/22/2020),ref_geneInfo_gene_8764
04/22/2020,http://mygene.info/v3/gene/9220,mygene.info (accessed on:04/22/2020),ref_geneInfo_gene_9220
04/22/2020,http://mygene.info/v3/gene/7124,mygene.info (accessed on:04/22/2020),ref_geneInfo_gene_7124
04/22/2020,http://mygene.info/v3/gene/8784,mygene.info (accessed on:04/22/2020),ref_geneInfo_gene_8784
04/22/2020,http://mygene.info/v3/gene/7253,mygene.info (accessed on:04/22/2020),ref_geneInfo_gene_7253
04/22/2020,http://mygene.info/v3/gene/7048,mygene.info (accessed on:04/22/2020),ref_geneInfo_gene_7048
04/22/2020,http://mygene.info/v3/gene/7113,mygene.info (accessed on:04/22/2020),ref_geneInfo_gene_7113
04/22/2020,http://mygene.info/v3/gene/3604,mygene.info (accessed on:04/22/2020),ref_geneInfo_gene_3604
04/22/2020,http://mygene.info/v3/gene/7157,mygene.info (accessed on:04/22/2020),ref_geneInfo_gene_7157
04/22/2020,http://mygene.info/v3/gene/7292,mygene.info (accessed on:04/22/2020),ref_geneInfo_gene_7292
04/22/2020,http://mygene.info/v3/gene/7128,mygene.info (accessed on:04/22/2020),ref_geneInfo_gene_7128
04/22/2020,http://mygene.info/v3/gene/8626,mygene.info (accessed on:04/22/2020),ref_geneInfo_gene_8626
04/22/2020,http://mygene.info/v3/gene/79679,mygene.info (accessed on:04/22/2020),ref_geneInfo_gene_79679
04/22/2020,http://mygene.info/v3/gene/7150,mygene.info (accessed on:04/22/2020),ref_geneInfo_gene_7150
04/22/2020,http://mygene.info/v3/gene/7293,mygene.info (accessed on:04/22/2020),ref_geneInfo_gene_7293
04/22/2020,http://mygene.info/v3/gene/7153,mygene.info (accessed on:04/22/2020),ref_geneInfo_gene_7153
04/22/2020,http://mygene.info/v3/gene/84231,mygene.info (accessed on:04/22/2020),ref_geneInfo_gene_84231
04/22/2020,http://mygene.info/v3/gene/7186,mygene.info (accessed on:04/22/2020),ref_geneInfo_gene_7186
04/22/2020,http://mygene.info/v3/gene/7516,mygene.info (accessed on:04/22/2020),ref_geneInfo_gene_7516
04/22/2020,http://mygene.info/v3/gene/7249,mygene.info (accessed on:04/22/2020),ref_geneInfo_gene_7249
04/22/2020,http://mygene.info/v3/gene/7248,mygene.info (accessed on:04/22/2020),ref_geneInfo_gene_7248
04/22/2020,http://mygene.info/v3/gene/7428,mygene.info (accessed on:04/22/2020),ref_geneInfo_gene_7428
04/22/2020,http://mygene.info/v3/gene/331,mygene.info (accessed on:04/22/2020),ref_geneInfo_gene_331
04/22/2020,http://mygene.info/v3/gene/7525,mygene.info (accessed on:04/22/2020),ref_geneInfo_gene_7525
04/22/2020,http://mygene.info/v3/gene/7307,mygene.info (accessed on:04/22/2020),ref_geneInfo_gene_7307
04/22/2020,http://mygene.info/v3/gene/7514,mygene.info (accessed on:04/22/2020),ref_geneInfo_gene_7514
04/22/2020,http://mygene.info/v3/gene/7764,mygene.info (accessed on:04/22/2020),ref_geneInfo_gene_7764
04/22/2020,http://mygene.info/v3/gene/7422,mygene.info (accessed on:04/22/2020),ref_geneInfo_gene_7422
04/22/2020,http://mygene.info/v3/gene/8838,mygene.info (accessed on:04/22/2020),ref_geneInfo_gene_8838
04/22/2020,http://mygene.info/v3/gene/7490,mygene.info (accessed on:04/22/2020),ref_geneInfo_gene_7490
04/22/2020,http://mygene.info/v3/gene/10413,mygene.info (accessed on:04/22/2020),ref_geneInfo_gene_10413
04/22/2020,http://mygene.info/v3/gene/8233,mygene.info (accessed on:04/22/2020),ref_geneInfo_gene_8233
04/22/2020,http://mygene.info/v3/gene/463,mygene.info (accessed on:04/22/2020),ref_geneInfo_gene_463
04/22/2020,http://mygene.info/v3/gene/57621,mygene.info (accessed on:04/22/2020),ref_geneInfo_gene_57621
04/22/2020,http://mygene.info/v3/gene/80139,mygene.info (accessed on:04/22/2020),ref_geneInfo_gene_80139
04/22/2020,http://mygene.info/v3/gene/51341,mygene.info (accessed on:04/22/2020),ref_geneInfo_gene_51341
04/22/2020,http://mygene.info/v3/gene/30848,mygene.info (accessed on:04/22/2020),ref_geneInfo_gene_30848
04/22/2020,http://mygene.info/v3/gene/3579,mygene.info (accessed on:04/22/2020),ref_geneInfo_gene_3579
04/22/2020,http://mygene.info/v3/gene/4102,mygene.info (accessed on:04/22/2020),ref_geneInfo_gene_4102
04/22/2020,http://mygene.info/v3/gene/1485,mygene.info (accessed on:04/22/2020),ref_geneInfo_gene_1485
04/22/2020,http://mygene.info/v3/gene/4100,mygene.info (accessed on:04/22/2020),ref_geneInfo_gene_4100
04/22/2020,http://mygene.info/v3/gene/4103,mygene.info (accessed on:04/22/2020),ref_geneInfo_gene_4103
04/22/2020,http://mygene.info/v3/gene/5819,mygene.info (accessed on:04/22/2020),ref_geneInfo_gene_5819
04/22/2020,http://mygene.info/v3/gene/6757,mygene.info (accessed on:04/22/2020),ref_geneInfo_gene_6757
04/22/2020,http://mygene.info/v3/gene/201633,mygene.info (accessed on:04/22/2020),ref_geneInfo_gene_201633
04/22/2020,http://mygene.info/v3/gene/51311,mygene.info (accessed on:04/22/2020),ref_geneInfo_gene_51311
04/22/2020,http://mygene.info/v3/gene/5817,mygene.info (accessed on:04/22/2020),ref_geneInfo_gene_5817
04/22/2020,http://mygene.info/v3/gene/54106,mygene.info (accessed on:04/22/2020),ref_geneInfo_gene_54106
04/30/2020,http://mygene.info/v3/gene/319089,mygene.info (accessed on:04/30/2020),ref_geneInfo_gene_319089
04/30/2020,http://mygene.info/v3/gene/23345,mygene.info (accessed on:04/30/2020),ref_geneInfo_gene_23345
