name,accessionNumber,uniprotId,function_graph_id,MyGeneInfoGene_graph_id,graph_id
Crk-like protein,P46109,CRKL_HUMAN,es_20200422172704578314,geneInfo_gene_1399,uniprot_P46109
Androgen receptor,P10275,ANDR_HUMAN,es_20200422172145346429,geneInfo_gene_367,uniprot_P10275
Dolichyl-diphosphooligosaccharide--protein glycosyltransferase subunit STT3A,P46977,STT3A_HUMAN,es_20200430163420761790,geneInfo_gene_3703,uniprot_P46977
Structural maintenance of chromosomes protein 3,Q9UQE7,SMC3_HUMAN,es_20200422174749866350,geneInfo_gene_9126,uniprot_Q9UQE7
Transcription factor SOX-10,P56693,SOX10_HUMAN,es_20200422174759854500,geneInfo_gene_6663,uniprot_P56693
B-cell antigen receptor complex-associated protein beta chain,P40259,CD79B_HUMAN,es_20200422172543977621,geneInfo_gene_974,uniprot_P40259
T-cell surface glycoprotein CD8 beta chain,P10966,CD8B_HUMAN,es_20200422172555342308,geneInfo_gene_926,uniprot_P10966
Toll-like receptor 7,Q9NYK1,TLR7_HUMAN,es_20200422181624808610,geneInfo_gene_51284,uniprot_Q9NYK1
Activin receptor type-1,Q04771,ACVR1_HUMAN,es_20200422172101224421,geneInfo_gene_90,uniprot_Q04771
Tyrosine-protein kinase ABL1,P00519,ABL1_HUMAN,es_20200422172056623093,geneInfo_gene_25,uniprot_P00519
Tyrosine-protein kinase ABL2,P42684,ABL2_HUMAN,es_20200422172059166303,geneInfo_gene_27,uniprot_P42684
"Arachidonate 12-lipoxygenase, 12R-type",O75342,LX12B_HUMAN,es_20200422172131093950,geneInfo_gene_242,uniprot_O75342
Activin receptor type-1B,P36896,ACV1B_HUMAN,es_20200422172103499013,geneInfo_gene_91,uniprot_P36896
Adenosine receptor A2a,P29274,AA2AR_HUMAN,es_20200422172108446578,geneInfo_gene_135,uniprot_P29274
ALK tyrosine kinase receptor,Q9UM73,ALK_HUMAN,es_20200422172129607516,geneInfo_gene_238,uniprot_Q9UM73
Serine/threonine-protein kinase receptor R3,P37023,ACVL1_HUMAN,es_20200422172105978680,geneInfo_gene_94,uniprot_P37023
Ankyrin repeat domain-containing protein 26,Q9UPS8,ANR26_HUMAN,es_20200422172136480682,geneInfo_gene_22852,uniprot_Q9UPS8
RAC-alpha serine/threonine-protein kinase,P31749,AKT1_HUMAN,es_20200422172111894527,geneInfo_gene_207,uniprot_P31749
Ankyrin repeat domain-containing protein 11,Q6UB99,ANR11_HUMAN,es_20200422172133978678,geneInfo_gene_29123,uniprot_Q6UB99
RAC-beta serine/threonine-protein kinase,P31751,AKT2_HUMAN,es_20200422172125256524,geneInfo_gene_208,uniprot_P31751
DNA-(apurinic or apyrimidinic site) lyase,P27695,APEX1_HUMAN,es_20200422172141997802,geneInfo_gene_328,uniprot_P27695
RAC-gamma serine/threonine-protein kinase,Q9Y243,AKT3_HUMAN,es_20200422172127386559,geneInfo_gene_10000,uniprot_Q9Y243
Breakpoint cluster region protein,P11274,BCR_HUMAN,es_20200422172321043750,geneInfo_gene_613,uniprot_P11274
Serine/threonine-protein kinase A-Raf,P10398,ARAF_HUMAN,es_20200422172148041082,geneInfo_gene_369,uniprot_P10398
AT-rich interactive domain-containing protein 1A,O14497,ARI1A_HUMAN,es_20200422172152135062,geneInfo_gene_8289,uniprot_O14497
Adenomatous polyposis coli protein,P25054,APC_HUMAN,es_20200422172139747990,geneInfo_gene_324,uniprot_P25054
AT-rich interactive domain-containing protein 1B,Q8NFD5,ARI1B_HUMAN,es_20200422172154210398,geneInfo_gene_57492,uniprot_Q8NFD5
Putative Polycomb group protein ASXL2,Q76L83,ASXL2_HUMAN,es_20200422172205386399,geneInfo_gene_55252,uniprot_Q76L83
Serine-protein kinase ATM,Q13315,ATM_HUMAN,es_20200422172208014135,geneInfo_gene_472,uniprot_Q13315
ADP-ribosylation factor-related protein 1,Q13795,ARFRP_HUMAN,es_20200422172149598517,geneInfo_gene_10139,uniprot_Q13795
Tyrosine-protein kinase receptor UFO,P30530,UFO_HUMAN,es_20200422172239650426,geneInfo_gene_558,uniprot_P30530
AT-rich interactive domain-containing protein 5B,Q14865,ARI5B_HUMAN,es_20200422172159557023,geneInfo_gene_84159,uniprot_Q14865
Aurora kinase A,O14965,AURKA_HUMAN,es_20200422172224741451,geneInfo_gene_6790,uniprot_O14965
AT-rich interactive domain-containing protein 2,Q68CP9,ARID2_HUMAN,es_20200422172156821457,geneInfo_gene_196528,uniprot_Q68CP9
Probable phospholipid-transporting ATPase IF,Q9Y2G3,AT11B_HUMAN,es_20200422172216588445,geneInfo_gene_23200,uniprot_Q9Y2G3
Ubiquitin carboxyl-terminal hydrolase BAP1,Q92560,BAP1_HUMAN,es_20200422172244820265,geneInfo_gene_8314,uniprot_Q92560
Polycomb group protein ASXL1,Q8IXJ9,ASXL1_HUMAN,es_20200422172201524616,geneInfo_gene_171023,uniprot_Q8IXJ9
Axin-1,O15169,AXIN1_HUMAN,es_20200422172232582359,geneInfo_gene_8312,uniprot_O15169
Transcriptional regulator ATRX,P46100,ATRX_HUMAN,es_20200422172221113169,geneInfo_gene_546,uniprot_P46100
Serine/threonine-protein kinase ATR,Q13535,ATR_HUMAN,es_20200422172218754800,geneInfo_gene_545,uniprot_Q13535
Axin-2,Q9Y2T1,AXIN2_HUMAN,es_20200422172236236735,geneInfo_gene_8313,uniprot_Q9Y2T1
Aurora kinase B,Q96GD4,AURKB_HUMAN,es_20200422172228494642,geneInfo_gene_9212,uniprot_Q96GD4
"Bcl-2-binding component 3, isoforms 1/2",Q9BXH1,BBC3_HUMAN,es_20200422172256182476,geneInfo_gene_27113,uniprot_Q9BXH1
B-cell lymphoma/leukemia 10,O95999,BCL10_HUMAN,es_20200422172259201158,geneInfo_gene_8915,uniprot_O95999
Beta-2-microglobulin,P61769,B2MG_HUMAN,es_20200422172242473021,geneInfo_gene_567,uniprot_P61769
Baculoviral IAP repeat-containing protein 2,Q13490,BIRC2_HUMAN,es_20200422172325608373,geneInfo_gene_329,uniprot_Q13490
Apoptosis regulator Bcl-2,P10415,BCL2_HUMAN,es_20200422172302324418,geneInfo_gene_596,uniprot_P10415
BRCA1-associated RING domain protein 1,Q99728,BARD1_HUMAN,es_20200422172253885231,geneInfo_gene_580,uniprot_Q99728
B-cell CLL/lymphoma 9 protein,O00512,BCL9_HUMAN,es_20200422172313429290,geneInfo_gene_607,uniprot_O00512
BCL-6 corepressor-like protein 1,Q5H9F3,BCORL_HUMAN,es_20200422172318539731,geneInfo_gene_63035,uniprot_Q5H9F3
Bcl-2-like protein 1,Q07817,B2CL1_HUMAN,es_20200422172305355124,geneInfo_gene_598,uniprot_Q07817
B-cell lymphoma 6 protein,P41182,BCL6_HUMAN,es_20200422172311839418,geneInfo_gene_604,uniprot_P41182
Bcl-2-like protein 11,O43521,B2L11_HUMAN,es_20200422172308001129,geneInfo_gene_10018,uniprot_O43521
BCL-6 corepressor,Q6W2J9,BCOR_HUMAN,es_20200422172315556697,geneInfo_gene_54880,uniprot_Q6W2J9
Bcl-2-like protein 2,Q92843,B2CL2_HUMAN,es_20200422172309847296,geneInfo_gene_599,uniprot_Q92843
Baculoviral IAP repeat-containing protein 3,Q13489,BIRC3_HUMAN,es_20200422172327988654,geneInfo_gene_330,uniprot_Q13489
Serine/threonine-protein kinase B-raf,P15056,BRAF_HUMAN,es_20200422172346234504,geneInfo_gene_673,uniprot_P15056
Bloom syndrome protein,P54132,BLM_HUMAN,es_20200422172330456102,geneInfo_gene_641,uniprot_P54132
Breast cancer type 2 susceptibility protein,P51587,BRCA2_HUMAN,es_20200422172355175277,geneInfo_gene_675,uniprot_P51587
Protein BTG1,P62324,BTG1_HUMAN,es_20200422172407033634,geneInfo_gene_694,uniprot_P62324
Bone morphogenetic protein receptor type-1A,P36894,BMR1A_HUMAN,es_20200422172343346001,geneInfo_gene_657,uniprot_P36894
Fanconi anemia group J protein,Q9BX63,FANCJ_HUMAN,es_20200422172405042494,geneInfo_gene_83990,uniprot_Q9BX63
Breast cancer type 1 susceptibility protein,P38398,BRCA1_HUMAN,es_20200422172351356232,geneInfo_gene_672,uniprot_P38398
Bromodomain-containing protein 4,O60885,BRD4_HUMAN,es_20200422172358061614,geneInfo_gene_23476,uniprot_O60885
Tyrosine-protein kinase BTK,Q06187,BTK_HUMAN,es_20200422172409753345,geneInfo_gene_695,uniprot_Q06187
B- and T-lymphocyte attenuator,Q7Z6A9,BTLA_HUMAN,es_20200422172411213624,geneInfo_gene_151888,uniprot_Q7Z6A9
BRCA2-interacting transcriptional repressor EMSY,Q7Z589,EMSY_HUMAN,es_20200422172418453796,geneInfo_gene_56946,uniprot_Q7Z589
Calreticulin,P27797,CALR_HUMAN,es_20200422172422753216,geneInfo_gene_811,uniprot_P27797
G1/S-specific cyclin-D2,P30279,CCND2_HUMAN,es_20200422172439423903,geneInfo_gene_894,uniprot_P30279
V-type immunoglobulin domain-containing suppressor of T-cell activation,Q9H7M9,VISTA_HUMAN,es_20200422172415336318,geneInfo_gene_64115,uniprot_Q9H7M9
C-C motif chemokine 2,P13500,CCL2_HUMAN,es_20200422172434843709,geneInfo_gene_6347,uniprot_P13500
Caspase-8,Q14790,CASP8_HUMAN,es_20200422172428034046,geneInfo_gene_841,uniprot_Q14790
Caspase recruitment domain-containing protein 11,Q9BXL7,CAR11_HUMAN,es_20200422172425372388,geneInfo_gene_84433,uniprot_Q9BXL7
E3 ubiquitin-protein ligase CBL,P22681,CBL_HUMAN,es_20200422172432220674,geneInfo_gene_867,uniprot_P22681
Scavenger receptor cysteine-rich type 1 protein M130,Q86VB7,C163A_HUMAN,es_20200422172449280247,geneInfo_gene_9332,uniprot_Q86VB7
Core-binding factor subunit beta,Q13951,PEBB_HUMAN,es_20200422172430070722,geneInfo_gene_865,uniprot_Q13951
G1/S-specific cyclin-D3,P30281,CCND3_HUMAN,es_20200422172441583056,geneInfo_gene_896,uniprot_P30281
T-cell-specific surface glycoprotein CD28,P10747,CD28_HUMAN,es_20200422172507724640,geneInfo_gene_940,uniprot_P10747
C-C chemokine receptor type 2,P41597,CCR2_HUMAN,es_20200422172445509837,geneInfo_gene_729230,uniprot_P41597
G1/S-specific cyclin-D1,P24385,CCND1_HUMAN,es_20200422172437864813,geneInfo_gene_595,uniprot_P24385
T-cell surface antigen CD2,P06729,CD2_HUMAN,es_20200422172450884103,geneInfo_gene_914,uniprot_P06729
T-cell surface glycoprotein CD3 gamma chain,P09693,CD3G_HUMAN,es_20200422172515620075,geneInfo_gene_917,uniprot_P09693
G1/S-specific cyclin-E1,P24864,CCNE1_HUMAN,es_20200422172443224778,geneInfo_gene_898,uniprot_P24864
CD276 antigen,Q5ZPR3,CD276_HUMAN,es_20200422172504808513,geneInfo_gene_80381,uniprot_Q5ZPR3
T-cell surface glycoprotein CD4,P01730,CD4_HUMAN,es_20200422172520373299,geneInfo_gene_920,uniprot_P01730
CD27 antigen,P26842,CD27_HUMAN,es_20200422172457014114,geneInfo_gene_939,uniprot_P26842
T-cell surface glycoprotein CD3 epsilon chain,P07766,CD3E_HUMAN,es_20200422172512455120,geneInfo_gene_916,uniprot_P07766
Natural killer cell receptor 2B4,Q9BZW8,CD244_HUMAN,es_20200422172452730905,geneInfo_gene_51744,uniprot_Q9BZW8
ADP-ribosyl cyclase/cyclic ADP-ribose hydrolase 1,P28907,CD38_HUMAN,es_20200422172518035583,geneInfo_gene_952,uniprot_P28907
T-lymphocyte activation antigen CD80,P33681,CD80_HUMAN,es_20200422172549529719,geneInfo_gene_941,uniprot_P33681
Programmed cell death 1 ligand 1,Q9NZQ7,PD1L1_HUMAN,es_20200422172459348098,geneInfo_gene_29126,uniprot_Q9NZQ7
T-cell surface glycoprotein CD3 delta chain,P04234,CD3D_HUMAN,es_20200422172509600958,geneInfo_gene_915,uniprot_P04234
Tumor necrosis factor receptor superfamily member 5,P25942,TNR5_HUMAN,es_20200422172522881787,geneInfo_gene_958,uniprot_P25942
CD44 antigen,P16070,CD44_HUMAN,es_20200422172528528881,geneInfo_gene_960,uniprot_P16070
CD40 ligand,P29965,CD40L_HUMAN,es_20200422172525156678,geneInfo_gene_959,uniprot_P29965
HLA class II histocompatibility antigen gamma chain,P04233,HG2A_HUMAN,es_20200422172540013525,geneInfo_gene_972,uniprot_P04233
B-cell antigen receptor complex-associated protein alpha chain,P11912,CD79A_HUMAN,es_20200422172542270481,geneInfo_gene_973,uniprot_P11912
T-cell surface glycoprotein CD8 beta chain,P10966,CD8B_HUMAN,es_20200422172555342308,geneInfo_gene_926,uniprot_P10966
T-cell surface glycoprotein CD8 alpha chain,P01732,CD8A_HUMAN,es_20200422172553594640,geneInfo_gene_925,uniprot_P01732
Macrosialin,P34810,CD68_HUMAN,es_20200422172538081264,geneInfo_gene_968,uniprot_P34810
T-cell surface glycoprotein CD8 alpha chain,P01732,CD8A_HUMAN,es_20200422172553594640,geneInfo_gene_925,uniprot_P01732
Cyclin-dependent kinase 6,Q00534,CDK6_HUMAN,es_20200422172611343254,geneInfo_gene_1021,uniprot_Q00534
T-lymphocyte activation antigen CD86,P42081,CD86_HUMAN,es_20200422172551249465,geneInfo_gene_942,uniprot_P42081
Chromodomain-helicase-DNA-binding protein 2,O14647,CHD2_HUMAN,es_20200422172643215085,geneInfo_gene_1106,uniprot_O14647
Cadherin-1,P12830,CADH1_HUMAN,es_20200422172600758909,geneInfo_gene_999,uniprot_P12830
Cyclin-dependent kinase 4,P11802,CDK4_HUMAN,es_20200422172608878810,geneInfo_gene_1019,uniprot_P11802
Cyclin-dependent kinase inhibitor 2A,P42771,CDN2A_HUMAN,es_20200422172624107645,geneInfo_gene_1029,uniprot_P42771
Parafibromin,Q6P1J9,CDC73_HUMAN,es_20200422172557609157,geneInfo_gene_79577,uniprot_Q6P1J9
Cyclin-dependent kinase 8,P49336,CDK8_HUMAN,es_20200422172613865513,geneInfo_gene_1024,uniprot_P49336
Cyclin-dependent kinase 4 inhibitor C,P42773,CDN2C_HUMAN,es_20200422172628794225,geneInfo_gene_1031,uniprot_P42773
Cyclin-dependent kinase 12,Q9NYV4,CDK12_HUMAN,es_20200422172605398339,geneInfo_gene_51755,uniprot_Q9NYV4
Cyclin-dependent kinase inhibitor 1,P38936,CDN1A_HUMAN,es_20200422172616425574,geneInfo_gene_1026,uniprot_P38936
Cyclin-dependent kinase 4 inhibitor B,P42772,CDN2B_HUMAN,es_20200422172625828407,geneInfo_gene_1030,uniprot_P42772
Fibroblast growth factor receptor 2,P21802,FGFR2_HUMAN,es_20200422173145408886,geneInfo_gene_2263,uniprot_P21802
Histone H3-like centromeric protein A,P49450,CENPA_HUMAN,es_20200422172633263784,geneInfo_gene_1058,uniprot_P49450
Cyclin-dependent kinase inhibitor 1B,P46527,CDN1B_HUMAN,es_20200422172620620914,geneInfo_gene_1027,uniprot_P46527
Granulocyte colony-stimulating factor receptor,Q99062,CSF3R_HUMAN,es_20200422172712612299,geneInfo_gene_1441,uniprot_Q99062
CCAAT/enhancer-binding protein alpha,P49715,CEBPA_HUMAN,es_20200422172630505640,geneInfo_gene_1050,uniprot_P49715
Chromodomain-helicase-DNA-binding protein 4,Q14839,CHD4_HUMAN,es_20200422172645582687,geneInfo_gene_1108,uniprot_Q14839
Macrophage colony-stimulating factor 1 receptor,P07333,CSF1R_HUMAN,es_20200422172708970768,geneInfo_gene_1436,uniprot_P07333
Protein capicua homolog,Q96RK0,CIC_HUMAN,es_20200422172653219250,geneInfo_gene_23152,uniprot_Q96RK0
Cytokine receptor-like factor 2,Q9HC73,CRLF2_HUMAN,es_20200422172706147031,geneInfo_gene_64109,uniprot_Q9HC73
Serine/threonine-protein kinase Chk1,O14757,CHK1_HUMAN,es_20200422172648196595,geneInfo_gene_1111,uniprot_O14757
CREB-binding protein,Q92793,CBP_HUMAN,es_20200422172656536350,geneInfo_gene_1387,uniprot_Q92793
Serine/threonine-protein kinase Chk2,O96017,CHK2_HUMAN,es_20200422172650987360,geneInfo_gene_11200,uniprot_O96017
Casein kinase II subunit alpha,P68400,CSK21_HUMAN,es_20200422172719037528,geneInfo_gene_1457,uniprot_P68400
Casein kinase I isoform alpha,P48729,KC1A_HUMAN,es_20200422172714220089,geneInfo_gene_1452,uniprot_P48729
Cytotoxic T-lymphocyte protein 4,P16410,CTLA4_HUMAN,es_20200422172731289993,geneInfo_gene_1493,uniprot_P16410
Cullin-3,Q13618,CUL3_HUMAN,es_20200422172747876655,geneInfo_gene_8452,uniprot_Q13618
C-X-C chemokine receptor type 4,P61073,CXCR4_HUMAN,es_20200422172812359791,geneInfo_gene_7852,uniprot_P61073
Transcriptional repressor CTCF,P49711,CTCF_HUMAN,es_20200422172728509573,geneInfo_gene_10664,uniprot_P49711
Homeobox protein cut-like 1,P39880,CUX1_HUMAN,es_20200422172805076320,geneInfo_gene_1523,uniprot_P39880
C-X-C motif chemokine 10,P02778,CXL10_HUMAN,es_20200422172806783151,geneInfo_gene_3627,uniprot_P02778
Catenin alpha-1,P35221,CTNA1_HUMAN,es_20200422172734436894,geneInfo_gene_1495,uniprot_P35221
Ubiquitin carboxyl-terminal hydrolase CYLD,Q9NQC7,CYLD_HUMAN,es_20200422172818894546,geneInfo_gene_1540,uniprot_Q9NQC7
Catenin beta-1,P35222,CTNB1_HUMAN,es_20200422172739405380,geneInfo_gene_1499,uniprot_P35222
Death domain-associated protein 6,Q9UER7,DAXX_HUMAN,es_20200422172829401128,geneInfo_gene_1616,uniprot_Q9UER7
Exosome complex exonuclease RRP44,Q9Y2L1,RRP44_HUMAN,es_20200422172848021210,geneInfo_gene_22894,uniprot_Q9Y2L1
DNA (cytosine-5)-methyltransferase 3B,Q9UBC3,DNM3B_HUMAN,es_20200422172857629447,geneInfo_gene_1789,uniprot_Q9UBC3
Probable ATP-dependent RNA helicase DDX41,Q9UJV9,DDX41_HUMAN,es_20200422172838831434,geneInfo_gene_51428,uniprot_Q9UJV9
C-X-C chemokine receptor type 6,O00574,CXCR6_HUMAN,es_20200422172816457745,geneInfo_gene_10663,uniprot_O00574
Epidermal growth factor receptor,P00533,EGFR_HUMAN,es_20200422172910508878,geneInfo_gene_1956,uniprot_P00533
DCN1-like protein 1,Q96GG9,DCNL1_HUMAN,es_20200422172832090337,geneInfo_gene_54165,uniprot_Q96GG9
Endoribonuclease Dicer,Q9UPY3,DICER_HUMAN,es_20200422172846458098,geneInfo_gene_23405,uniprot_Q9UPY3
"Histone-lysine N-methyltransferase, H3 lysine-79 specific",Q8TEK3,DOT1L_HUMAN,es_20200422172859805097,geneInfo_gene_84444,uniprot_Q8TEK3
Antiviral innate immune response receptor RIG-I,O95786,DDX58_HUMAN,es_20200422172841389673,geneInfo_gene_23586,uniprot_O95786
Discoidin domain-containing receptor 2,Q16832,DDR2_HUMAN,es_20200422172835958944,geneInfo_gene_4921,uniprot_Q16832
DnaJ homolog subfamily B member 1,P25685,DNJB1_HUMAN,es_20200422172849803099,geneInfo_gene_3337,uniprot_P25685
DNA (cytosine-5)-methyltransferase 3A,Q9Y6K1,DNM3A_HUMAN,es_20200422172855052671,geneInfo_gene_1788,uniprot_Q9Y6K1
Pre-mRNA-splicing factor ATP-dependent RNA helicase DHX15,O43143,DHX15_HUMAN,es_20200422172843999251,geneInfo_gene_1665,uniprot_O43143
DNA (cytosine-5)-methyltransferase 1,P26358,DNMT1_HUMAN,es_20200422172852624538,geneInfo_gene_1786,uniprot_P26358
Epidermal growth factor-like protein 7,Q9UHF1,EGFL7_HUMAN,es_20200422172906289922,geneInfo_gene_51162,uniprot_Q9UHF1
Ephrin type-A receptor 3,P29320,EPHA3_HUMAN,es_20200422172943136028,geneInfo_gene_2042,uniprot_P29320
Eukaryotic translation initiation factor 4E,P06730,IF4E_HUMAN,es_20200422172923005816,geneInfo_gene_1977,uniprot_P06730
Ectonucleoside triphosphate diphosphohydrolase 1,P49961,ENTP1_HUMAN,es_20200422172927054280,geneInfo_gene_953,uniprot_P49961
Transcription factor E2F3,O00716,E2F3_HUMAN,es_20200422172902082591,geneInfo_gene_1871,uniprot_O00716
Ephrin type-A receptor 7,Q15375,EPHA7_HUMAN,es_20200422172946986891,geneInfo_gene_2045,uniprot_Q15375
Eukaryotic initiation factor 4A-II,Q14240,IF4A2_HUMAN,es_20200422172920136856,geneInfo_gene_1974,uniprot_Q14240
Histone acetyltransferase p300,Q09472,EP300_HUMAN,es_20200422172930170319,geneInfo_gene_2033,uniprot_Q09472
Polycomb protein EED,O75530,EED_HUMAN,es_20200422172903946512,geneInfo_gene_8726,uniprot_O75530
"Eukaryotic translation initiation factor 1A, X-chromosomal",P47813,IF1AX_HUMAN,es_20200422172917498994,geneInfo_gene_1964,uniprot_P47813
Echinoderm microtubule-associated protein-like 4,Q9HC35,EMAL4_HUMAN,es_20200422172924625181,geneInfo_gene_27436,uniprot_Q9HC35
Epithelial cell adhesion molecule,P16422,EPCAM_HUMAN,es_20200422172941188814,geneInfo_gene_4072,uniprot_P16422
Receptor tyrosine-protein kinase erbB-4,Q15303,ERBB4_HUMAN,es_20200422172958944502,geneInfo_gene_2066,uniprot_Q15303
Ephrin type-A receptor 5,P54756,EPHA5_HUMAN,es_20200422172944673287,geneInfo_gene_2044,uniprot_P54756
General transcription and DNA repair factor IIH helicase subunit XPB,P19447,ERCC3_HUMAN,es_20200422173005203865,geneInfo_gene_2071,uniprot_P19447
Receptor tyrosine-protein kinase erbB-3,P21860,ERBB3_HUMAN,es_20200422172954225598,geneInfo_gene_2065,uniprot_P21860
DNA excision repair protein ERCC-1,P07992,ERCC1_HUMAN,es_20200422173000706288,geneInfo_gene_2067,uniprot_P07992
Estrogen receptor,P03372,ESR1_HUMAN,es_20200422173016760871,geneInfo_gene_2099,uniprot_P03372
Ephrin type-B receptor 1,P54762,EPHB1_HUMAN,es_20200422172949118662,geneInfo_gene_2047,uniprot_P54762
General transcription and DNA repair factor IIH helicase subunit XPD,P18074,ERCC2_HUMAN,es_20200422173003373906,geneInfo_gene_2068,uniprot_P18074
Receptor tyrosine-protein kinase erbB-2,P04626,ERBB2_HUMAN,es_20200422172952131339,geneInfo_gene_2064,uniprot_P04626
DNA repair endonuclease XPF,Q92889,XPF_HUMAN,es_20200422173008122954,geneInfo_gene_2072,uniprot_Q92889
ERBB receptor feedback inhibitor 1,Q9UJM3,ERRFI_HUMAN,es_20200422173013223310,geneInfo_gene_54206,uniprot_Q9UJM3
DNA repair protein complementing XP-G cells,P28715,ERCC5_HUMAN,es_20200422173009912085,geneInfo_gene_2073,uniprot_P28715
APC membrane recruitment protein 1,Q5JTC6,AMER1_HUMAN,es_20200422173035106459,geneInfo_gene_139285,uniprot_Q5JTC6
ETS translocation variant 5,P41161,ETV5_HUMAN,es_20200422173024563234,geneInfo_gene_2119,uniprot_P41161
Transcriptional regulator ERG,P11308,ERG_HUMAN,es_20200422173011704284,geneInfo_gene_2078,uniprot_P11308
ETS translocation variant 1,P50549,ETV1_HUMAN,es_20200422173020949744,geneInfo_gene_2115,uniprot_P50549
ETS translocation variant 4,P43268,ETV4_HUMAN,es_20200422173022853464,geneInfo_gene_2118,uniprot_P43268
RNA-binding protein EWS,Q01844,EWS_HUMAN,es_20200422173028761157,geneInfo_gene_2130,uniprot_Q01844
Protein C-ets-1,P14921,ETS1_HUMAN,es_20200422173018916224,geneInfo_gene_2113,uniprot_P14921
Fibroblast growth factor 3,P11487,FGF3_HUMAN,es_20200422173129608894,geneInfo_gene_2248,uniprot_P11487
Fibroblast growth factor 6,P10767,FGF6_HUMAN,es_20200422173134100589,geneInfo_gene_2251,uniprot_P10767
Histone-lysine N-methyltransferase EZH2,Q15910,EZH2_HUMAN,es_20200422173031812305,geneInfo_gene_2146,uniprot_Q15910
Transcription factor ETV6,P41212,ETV6_HUMAN,es_20200422173026386894,geneInfo_gene_2120,uniprot_P41212
Fanconi anemia group A protein,O15360,FANCA_HUMAN,es_20200422173041722431,geneInfo_gene_2175,uniprot_O15360
Fanconi anemia group G protein,O15287,FANCG_HUMAN,es_20200422173050580763,geneInfo_gene_2189,uniprot_O15287
Fanconi anemia group D2 protein,Q9BXW9,FACD2_HUMAN,es_20200422173045664652,geneInfo_gene_2177,uniprot_Q9BXW9
Fanconi anemia group I protein,Q9NVI1,FANCI_HUMAN,es_20200422173052515578,geneInfo_gene_55215,uniprot_Q9NVI1
BRCA1-A complex subunit Abraxas 1,Q6UWZ7,ABRX1_HUMAN,es_20200422173036728381,geneInfo_gene_84142,uniprot_Q6UWZ7
Fanconi anemia group F protein,Q9NPI8,FANCF_HUMAN,es_20200422173048947268,geneInfo_gene_2188,uniprot_Q9NPI8
Terminal nucleotidyltransferase 5C,Q5VWP2,TET5C_HUMAN,es_20200422173039389390,geneInfo_gene_54855,uniprot_Q5VWP2
Fanconi anemia group E protein,Q9HB96,FANCE_HUMAN,es_20200422173047368589,geneInfo_gene_2178,uniprot_Q9HB96
Fanconi anemia group C protein,Q00597,FANCC_HUMAN,es_20200422173043172328,geneInfo_gene_2176,uniprot_Q00597
E3 ubiquitin-protein ligase FANCL,Q9NW38,FANCL_HUMAN,es_20200422173054301918,geneInfo_gene_55120,uniprot_Q9NW38
Protocadherin Fat 1,Q14517,FAT1_HUMAN,es_20200422173101834168,geneInfo_gene_2195,uniprot_Q14517
Fibroblast growth factor 10,O15520,FGF10_HUMAN,es_20200422173118317038,geneInfo_gene_2255,uniprot_O15520
Fibroblast growth factor 14,Q92915,FGF14_HUMAN,es_20200422173120547127,geneInfo_gene_2259,uniprot_Q92915
Tumor necrosis factor receptor superfamily member 6,P25445,TNR6_HUMAN,es_20200422173100143006,geneInfo_gene_355,uniprot_P25445
Fibroblast growth factor 2,P09038,FGF2_HUMAN,es_20200422173124849322,geneInfo_gene_2247,uniprot_P09038
F-box/WD repeat-containing protein 7,Q969H0,FBXW7_HUMAN,es_20200422173104036368,geneInfo_gene_55294,uniprot_Q969H0
Fibroblast growth factor 1,P05230,FGF1_HUMAN,es_20200422173114507580,geneInfo_gene_2246,uniprot_P05230
Fibroblast growth factor 23,Q9GZV9,FGF23_HUMAN,es_20200422173127431328,geneInfo_gene_8074,uniprot_Q9GZV9
Histone H3.3,P84243,H33_HUMAN,es_20200422173347215297,geneInfo_gene_3021,uniprot_P84243
Fibroblast growth factor 9,P31371,FGF9_HUMAN,es_20200422173140685171,geneInfo_gene_2254,uniprot_P31371
Folliculin,Q8NFG4,FLCN_HUMAN,es_20200422173154039845,geneInfo_gene_201163,uniprot_Q8NFG4
Fibroblast growth factor 4,P08620,FGF4_HUMAN,es_20200422173131013129,geneInfo_gene_2249,uniprot_P08620
Fibroblast growth factor 7,P21781,FGF7_HUMAN,es_20200422173135542074,geneInfo_gene_2252,uniprot_P21781
Fibroblast growth factor 19,O95750,FGF19_HUMAN,es_20200422173121981454,geneInfo_gene_9965,uniprot_O95750
Fibroblast growth factor 5,P12034,FGF5_HUMAN,es_20200422173132591652,geneInfo_gene_2250,uniprot_P12034
Fibroblast growth factor receptor 4,P22455,FGFR4_HUMAN,es_20200422173149711130,geneInfo_gene_2264,uniprot_P22455
Fibroblast growth factor receptor substrate 2,Q8WU20,FRS2_HUMAN,es_20200422173228883940,geneInfo_gene_10818,uniprot_Q8WU20
Fibroblast growth factor 8,P55075,FGF8_HUMAN,es_20200422173136974501,geneInfo_gene_2253,uniprot_P55075
Fibroblast growth factor receptor 1,P11362,FGFR1_HUMAN,es_20200422173143175802,geneInfo_gene_2260,uniprot_P11362
Vascular endothelial growth factor receptor 3,P35916,VGFR3_HUMAN,es_20200422173210515613,geneInfo_gene_2324,uniprot_P35916
Fibroblast growth factor receptor 3,P22607,FGFR3_HUMAN,es_20200422173147895625,geneInfo_gene_2261,uniprot_P22607
Friend leukemia integration 1 transcription factor,Q01543,FLI1_HUMAN,es_20200422173202143669,geneInfo_gene_2313,uniprot_Q01543
"Fumarate hydratase, mitochondrial",P07954,FUMH_HUMAN,es_20200422173151826379,geneInfo_gene_2271,uniprot_P07954
Forkhead box protein P1,Q9H334,FOXP1_HUMAN,es_20200422173219056395,geneInfo_gene_27086,uniprot_Q9H334
Receptor-type tyrosine-protein kinase FLT3,P36888,FLT3_HUMAN,es_20200422173208665629,geneInfo_gene_2322,uniprot_P36888
Forkhead box protein L2,P58012,FOXL2_HUMAN,es_20200422173214443266,geneInfo_gene_668,uniprot_P58012
Hepatocyte nuclear factor 3-alpha,P55317,FOXA1_HUMAN,es_20200422173212773522,geneInfo_gene_3169,uniprot_P55317
Growth arrest-specific protein 6,Q14393,GAS6_HUMAN,es_20200422173236665969,geneInfo_gene_2621,uniprot_Q14393
Vascular endothelial growth factor receptor 1,P17948,VGFR1_HUMAN,es_20200422173205871841,geneInfo_gene_2321,uniprot_P17948
Forkhead box protein O1,Q12778,FOXO1_HUMAN,es_20200422173216938102,geneInfo_gene_2308,uniprot_Q12778
Gamma-aminobutyric acid receptor subunit alpha-6,Q16445,GBRA6_HUMAN,es_20200422173234228992,geneInfo_gene_2559,uniprot_Q16445
Forkhead box protein P3,Q9BZS1,FOXP3_HUMAN,es_20200422173224658891,geneInfo_gene_50943,uniprot_Q9BZS1
Endothelial transcription factor GATA-2,P23769,GATA2_HUMAN,es_20200422173240763960,geneInfo_gene_2624,uniprot_P23769
Flap endonuclease GEN homolog 1,Q17RS7,GEN_HUMAN,es_20200422173255358728,geneInfo_gene_348654,uniprot_Q17RS7
Far upstream element-binding protein 1,Q96AE4,FUBP1_HUMAN,es_20200422173230310419,geneInfo_gene_8880,uniprot_Q96AE4
Transcription factor GATA-4,P43694,GATA4_HUMAN,es_20200422173244477216,geneInfo_gene_2626,uniprot_P43694
Tyrosine-protein kinase Fyn,P06241,FYN_HUMAN,es_20200422173232805291,geneInfo_gene_2534,uniprot_P06241
Trans-acting T-cell-specific transcription factor GATA-3,P23771,GATA3_HUMAN,es_20200422173242735682,geneInfo_gene_2625,uniprot_P23771
Glucose-induced degradation protein 4 homolog,Q8IVV7,GID4_HUMAN,es_20200422173300879156,geneInfo_gene_79018,uniprot_Q8IVV7
Metabotropic glutamate receptor 3,Q14832,GRM3_HUMAN,es_20200422173333921144,geneInfo_gene_2913,uniprot_Q14832
Transcription factor GATA-6,Q92908,GATA6_HUMAN,es_20200422173249470421,geneInfo_gene_2627,uniprot_Q92908
Erythroid transcription factor,P15976,GATA1_HUMAN,es_20200422173238363733,geneInfo_gene_2623,uniprot_P15976
Zinc finger protein GLI1,P08151,GLI1_HUMAN,es_20200422173304164347,geneInfo_gene_2735,uniprot_P08151
Guanine nucleotide-binding protein subunit alpha-11,P29992,GNA11_HUMAN,es_20200422173309504812,geneInfo_gene_2767,uniprot_P29992
Adhesion G protein-coupled receptor A2,Q96PE1,AGRA2_HUMAN,es_20200422173320337522,geneInfo_gene_25960,uniprot_Q96PE1
G protein pathway suppressor 2,Q13227,GPS2_HUMAN,es_20200422173323255206,geneInfo_gene_2874,uniprot_Q13227
Guanine nucleotide-binding protein G(q) subunit alpha,P50148,GNAQ_HUMAN,es_20200422173315825446,geneInfo_gene_2776,uniprot_P50148
Guanine nucleotide-binding protein subunit alpha-13,Q14344,GNA13_HUMAN,es_20200422173311435300,geneInfo_gene_10672,uniprot_Q14344
Guanine nucleotide-binding protein G(s) subunit alpha isoforms XLas,Q5JWF2,GNAS1_HUMAN,es_20200422173318541053,geneInfo_gene_2778,uniprot_Q5JWF2
"Glutamate receptor ionotropic, NMDA 2A",Q12879,NMDE1_HUMAN,es_20200422173330985797,geneInfo_gene_2903,uniprot_Q12879
Gremlin-1,O60565,GREM1_HUMAN,es_20200422173328021589,geneInfo_gene_26585,uniprot_O60565
Histone H3.3C,Q6NXT2,H3C_HUMAN,es_20200422173348720513,geneInfo_gene_440093,uniprot_Q6NXT2
Granzyme B,P10144,GRAB_HUMAN,es_20200422173341120981,geneInfo_gene_3002,uniprot_P10144
Glycogen synthase kinase-3 beta,P49841,GSK3B_HUMAN,es_20200422173336757167,geneInfo_gene_2932,uniprot_P49841
Hepatocyte growth factor,P14210,HGF_HUMAN,es_20200422173358090411,geneInfo_gene_3082,uniprot_P14210
Histone H3.1,P68431,H31_HUMAN,es_20200422173425386431,geneInfo_gene_8356,uniprot_P68431
Histone H3.1,P68431,H31_HUMAN,es_20200422173425386431,geneInfo_gene_8356,uniprot_P68431
Isocitrate dehydrogenase [NADP] cytoplasmic,O75874,IDHC_HUMAN,es_20200422173526227168,geneInfo_gene_3417,uniprot_O75874
Histone H1.2,P16403,H12_HUMAN,es_20200422173359646975,geneInfo_gene_3006,uniprot_P16403
Histone H3.1,P68431,H31_HUMAN,es_20200422173425386431,geneInfo_gene_8356,uniprot_P68431
Histone H3.3,P84243,H33_HUMAN,es_20200422173347215297,geneInfo_gene_3021,uniprot_P84243
Hepatitis A virus cellular receptor 2,Q8TDQ0,HAVR2_HUMAN,es_20200422173350809556,geneInfo_gene_84868,uniprot_Q8TDQ0
Histone H3.1,P68431,H31_HUMAN,es_20200422173425386431,geneInfo_gene_8356,uniprot_P68431
Hepatocyte nuclear factor 1-alpha,P20823,HNF1A_HUMAN,es_20200422173457591397,geneInfo_gene_6927,uniprot_P20823
Histone H2B type 1-D,P58876,H2B1D_HUMAN,es_20200422173401499363,geneInfo_gene_3017,uniprot_P58876
Histone H3.2,Q71DI3,H32_HUMAN,es_20200422173433381265,geneInfo_gene_653604,uniprot_Q71DI3
Histone H3.1,P68431,H31_HUMAN,es_20200422173425386431,geneInfo_gene_8356,uniprot_P68431
Histone H3.1,P68431,H31_HUMAN,es_20200422173425386431,geneInfo_gene_8356,uniprot_P68431
Histone H3.1,P68431,H31_HUMAN,es_20200422173425386431,geneInfo_gene_8356,uniprot_P68431
Histone H3.2,Q71DI3,H32_HUMAN,es_20200422173433381265,geneInfo_gene_653604,uniprot_Q71DI3
Histone H3.1,P68431,H31_HUMAN,es_20200422173425386431,geneInfo_gene_8356,uniprot_P68431
Histone H3.2,Q71DI3,H32_HUMAN,es_20200422173433381265,geneInfo_gene_653604,uniprot_Q71DI3
GTPase HRas,P01112,RASH_HUMAN,es_20200422173506889982,geneInfo_gene_3265,uniprot_P01112
Histone H3.1t,Q16695,H31T_HUMAN,es_20200422173435561091,geneInfo_gene_8290,uniprot_Q16695
"HLA class I histocompatibility antigen, A alpha chain",P04439,HLAA_HUMAN,es_20200422173439599817,geneInfo_gene_3105,uniprot_P04439
ICOS ligand,O75144,ICOSL_HUMAN,es_20200422173521516470,geneInfo_gene_23308,uniprot_O75144
Heterogeneous nuclear ribonucleoprotein K,P61978,HNRPK_HUMAN,es_20200422173501056920,geneInfo_gene_3190,uniprot_P61978
3 beta-hydroxysteroid dehydrogenase/Delta 5-->4-isomerase type 1,P14060,3BHS1_HUMAN,es_20200422173510271846,geneInfo_gene_3283,uniprot_P14060
Interferon-induced transmembrane protein 3,Q01628,IFM3_HUMAN,es_20200422173536865026,geneInfo_gene_10410,uniprot_Q01628
Homeobox protein Hox-B13,Q92826,HXB13_HUMAN,es_20200422173503198127,geneInfo_gene_10481,uniprot_Q92826
Inducible T-cell costimulator,Q9Y6W8,ICOS_HUMAN,es_20200422173519292117,geneInfo_gene_29851,uniprot_Q9Y6W8
DNA-binding protein Ikaros,Q13422,IKZF1_HUMAN,es_20200422173557672523,geneInfo_gene_10320,uniprot_Q13422
DNA-binding protein inhibitor ID-3,Q02535,ID3_HUMAN,es_20200422173523087100,geneInfo_gene_3399,uniprot_Q02535
"Indoleamine 2,3-dioxygenase 1",P14902,I23O1_HUMAN,es_20200422173530711749,geneInfo_gene_3620,uniprot_P14902
Heat shock protein HSP 90-alpha,P07900,HS90A_HUMAN,es_20200422173513382344,geneInfo_gene_3320,uniprot_P07900
"Isocitrate dehydrogenase [NADP], mitochondrial",P48735,IDHP_HUMAN,es_20200422173528854870,geneInfo_gene_3418,uniprot_P48735
Interferon gamma,P01579,IFNG_HUMAN,es_20200422173539129636,geneInfo_gene_3458,uniprot_P01579
Insulin-like growth factor 1 receptor,P08069,IGF1R_HUMAN,es_20200422173550464716,geneInfo_gene_3480,uniprot_P08069
Insulin-like growth factor I,P05019,IGF1_HUMAN,es_20200422173544462206,geneInfo_gene_3479,uniprot_P05019
Interferon-induced transmembrane protein 1,P13164,IFM1_HUMAN,es_20200422173534796014,geneInfo_gene_8519,uniprot_P13164
Interleukin-10,P22301,IL10_HUMAN,es_20200422173601160068,geneInfo_gene_3586,uniprot_P22301
Interleukin-7 receptor subunit alpha,P16871,IL7RA_HUMAN,es_20200422173611075179,geneInfo_gene_3575,uniprot_P16871
Insulin receptor,P06213,INSR_HUMAN,es_20200422173624531115,geneInfo_gene_3643,uniprot_P06213
Interferon gamma receptor 1,P15260,INGR1_HUMAN,es_20200422173541396169,geneInfo_gene_3459,uniprot_P15260
Interleukin-1 beta,P01584,IL1B_HUMAN,es_20200422173605295647,geneInfo_gene_3553,uniprot_P01584
Inhibin beta A chain,P08476,INHBA_HUMAN,es_20200422173614459177,geneInfo_gene_3624,uniprot_P08476
Inhibitor of nuclear factor kappa-B kinase subunit epsilon,Q14164,IKKE_HUMAN,es_20200422173555789605,geneInfo_gene_9641,uniprot_Q14164
Inositol polyphosphate-4-phosphatase type I A,Q96PE3,INP4A_HUMAN,es_20200422173616088547,geneInfo_gene_3631,uniprot_Q96PE3
Insulin-like growth factor II,P01344,IGF2_HUMAN,es_20200422173553210976,geneInfo_gene_3481,uniprot_P01344
Interleukin-6,P05231,IL6_HUMAN,es_20200422173608404122,geneInfo_gene_3569,uniprot_P05231
Inhibin alpha chain,P05111,INHA_HUMAN,es_20200422173612536222,geneInfo_gene_3623,uniprot_P05111
Inositol polyphosphate 4-phosphatase type II,O15327,INP4B_HUMAN,es_20200422173620074655,geneInfo_gene_8821,uniprot_O15327
Interferon regulatory factor 4,Q15306,IRF4_HUMAN,es_20200422173630684803,geneInfo_gene_3662,uniprot_Q15306
Kelch-like protein 6,Q8WZ60,KLHL6_HUMAN,es_20200422173724816460,geneInfo_gene_89857,uniprot_Q8WZ60
Interferon regulatory factor 2,P14316,IRF2_HUMAN,es_20200422173627918111,geneInfo_gene_3660,uniprot_P14316
Insulin receptor substrate 2,Q9Y4H2,IRS2_HUMAN,es_20200422173634639499,geneInfo_gene_8660,uniprot_Q9Y4H2
Tyrosine-protein kinase JAK2,O60674,JAK2_HUMAN,es_20200422173640448854,geneInfo_gene_3717,uniprot_O60674
Insulin receptor substrate 1,P35568,IRS1_HUMAN,es_20200422173632822964,geneInfo_gene_3667,uniprot_P35568
Tyrosine-protein kinase JAK3,P52333,JAK3_HUMAN,es_20200422173644292934,geneInfo_gene_3718,uniprot_P52333
Lysine-specific demethylase 6A,O15550,KDM6A_HUMAN,es_20200422173659152387,geneInfo_gene_7403,uniprot_O15550
Histone acetyltransferase KAT6A,Q92794,KAT6A_HUMAN,es_20200422173650804598,geneInfo_gene_7994,uniprot_Q92794
Kell blood group glycoprotein,P23276,KELL_HUMAN,es_20200422173715098885,geneInfo_gene_3792,uniprot_P23276
Tyrosine-protein kinase JAK1,P23458,JAK1_HUMAN,es_20200422173636741089,geneInfo_gene_3716,uniprot_P23458
Lysine-specific demethylase 5A,P29375,KDM5A_HUMAN,es_20200422173653019848,geneInfo_gene_5927,uniprot_P29375
Transcription factor AP-1,P05412,JUN_HUMAN,es_20200422173646776415,geneInfo_gene_3725,uniprot_P05412
Kinesin-1 heavy chain,P33176,KINH_HUMAN,es_20200422173717278413,geneInfo_gene_3799,uniprot_P33176
Lysine-specific demethylase 5C,P41229,KDM5C_HUMAN,es_20200422173656613008,geneInfo_gene_8242,uniprot_P41229
Vascular endothelial growth factor receptor 2,P35968,VGFR2_HUMAN,es_20200422173704248183,geneInfo_gene_3791,uniprot_P35968
Kelch-like ECH-associated protein 1,Q14145,KEAP1_HUMAN,es_20200422173706630863,geneInfo_gene_9817,uniprot_Q14145
Histone-lysine N-methyltransferase 2C,Q8NEZ4,KMT2C_HUMAN,es_20200422173731899857,geneInfo_gene_58508,uniprot_Q8NEZ4
Serine/threonine-protein kinase LATS1,O95835,LATS1_HUMAN,es_20200422173751616008,geneInfo_gene_9113,uniprot_O95835
Natural killer cells antigen CD94,Q13241,KLRD1_HUMAN,es_20200422173727039796,geneInfo_gene_3824,uniprot_Q13241
Small kinetochore-associated protein,Q9Y448,SKAP_HUMAN,es_20200422173737429001,geneInfo_gene_90417,uniprot_Q9Y448
Histone-lysine N-methyltransferase 2B,Q9UMN6,KMT2B_HUMAN,es_20200422173728975772,geneInfo_gene_9757,uniprot_Q9UMN6
Mast/stem cell growth factor receptor Kit,P10721,KIT_HUMAN,es_20200422173720745450,geneInfo_gene_3815,uniprot_P10721
Tyrosine-protein kinase Lyn,P07948,LYN_HUMAN,es_20200422173800932323,geneInfo_gene_4067,uniprot_P07948
Krueppel-like factor 4,O43474,KLF4_HUMAN,es_20200422173723277627,geneInfo_gene_9314,uniprot_O43474
Histone-lysine N-methyltransferase 2D,O14686,KMT2D_HUMAN,es_20200422173735531492,geneInfo_gene_8085,uniprot_O14686
Lymphocyte activation gene 3 protein,P18627,LAG3_HUMAN,es_20200422173746684589,geneInfo_gene_3902,uniprot_P18627
Lysosome-associated membrane glycoprotein 1,P11279,LAMP1_HUMAN,es_20200422173748969095,geneInfo_gene_3916,uniprot_P11279
Rhombotin-1,P25800,RBTN1_HUMAN,es_20200422173755968804,geneInfo_gene_4004,uniprot_P25800
GTPase KRas,P01116,RASK_HUMAN,es_20200422173742535446,geneInfo_gene_3845,uniprot_P01116
Mucosa-associated lymphoid tissue lymphoma translocation protein 1,Q9UDY8,MALT1_HUMAN,es_20200422173811789285,geneInfo_gene_10892,uniprot_Q9UDY8
Serine/threonine-protein kinase LATS2,Q9NRM7,LATS2_HUMAN,es_20200422173754390355,geneInfo_gene_26524,uniprot_Q9NRM7
Leucine-zipper-like transcriptional regulator 1,Q8N653,LZTR1_HUMAN,es_20200422173802778038,geneInfo_gene_8216,uniprot_Q8N653
Low-density lipoprotein receptor-related protein 1B,Q9NZR2,LRP1B_HUMAN,es_20200422173758716174,geneInfo_gene_53353,uniprot_Q9NZR2
"Membrane-associated guanylate kinase, WW and PDZ domain-containing protein 2",Q86UL8,MAGI2_HUMAN,es_20200422173806596272,geneInfo_gene_9863,uniprot_Q86UL8
Dual specificity mitogen-activated protein kinase kinase 1,Q02750,MP2K1_HUMAN,es_20200422173814014727,geneInfo_gene_5604,uniprot_Q02750
Mitogen-activated protein kinase kinase kinase 1,Q13233,M3K1_HUMAN,es_20200422173821038168,geneInfo_gene_4214,uniprot_Q13233
Dual specificity mitogen-activated protein kinase kinase 4,P45985,MP2K4_HUMAN,es_20200422173818847946,geneInfo_gene_6416,uniprot_P45985
Mitogen-activated protein kinase 1,P28482,MK01_HUMAN,es_20200422173828800023,geneInfo_gene_5594,uniprot_P28482
Induced myeloid leukemia cell differentiation protein Mcl-1,Q07820,MCL1_HUMAN,es_20200422173837200359,geneInfo_gene_4170,uniprot_Q07820
Protein mago nashi homolog,P61326,MGN_HUMAN,es_20200422173808242332,geneInfo_gene_4116,uniprot_P61326
Dual specificity mitogen-activated protein kinase kinase 2,P36507,MP2K2_HUMAN,es_20200422173816185811,geneInfo_gene_5605,uniprot_P36507
Mitogen-activated protein kinase 3,P27361,MK03_HUMAN,es_20200422173831581976,geneInfo_gene_5595,uniprot_P27361
Mediator of DNA damage checkpoint protein 1,Q14676,MDC1_HUMAN,es_20200422173839384331,geneInfo_gene_9656,uniprot_Q14676
Protein max,P61244,MAX_HUMAN,es_20200422173834618473,geneInfo_gene_4149,uniprot_P61244
Hepatocyte growth factor receptor,P08581,MET_HUMAN,es_20200422173902363833,geneInfo_gene_4233,uniprot_P08581
Mitogen-activated protein kinase kinase kinase 13,O43283,M3K13_HUMAN,es_20200422173823165862,geneInfo_gene_9175,uniprot_O43283
E3 ubiquitin-protein ligase Mdm2,Q00987,MDM2_HUMAN,es_20200422173843126436,geneInfo_gene_4193,uniprot_Q00987
Mitogen-activated protein kinase kinase kinase 4,Q9Y6R4,M3K4_HUMAN,es_20200422173825176604,geneInfo_gene_4216,uniprot_Q9Y6R4
Mediator of RNA polymerase II transcription subunit 12,Q93074,MED12_HUMAN,es_20200422173854548077,geneInfo_gene_9968,uniprot_Q93074
Microphthalmia-associated transcription factor,O75030,MITF_HUMAN,es_20200422173907194562,geneInfo_gene_4286,uniprot_O75030
Serine/threonine-protein kinase mTOR,P42345,MTOR_HUMAN,es_20200422173951272775,geneInfo_gene_2475,uniprot_P42345
Menin,O00255,MEN1_HUMAN,es_20200422173858514709,geneInfo_gene_4221,uniprot_O00255
Protein Mdm4,O15151,MDM4_HUMAN,es_20200422173852349441,geneInfo_gene_4194,uniprot_O15151
Histone-lysine N-methyltransferase 2A,Q03164,KMT2A_HUMAN,es_20200422173914013961,geneInfo_gene_4297,uniprot_Q03164
Myocyte-specific enhancer factor 2B,Q02080,MEF2B_HUMAN,es_20200422173855967660,geneInfo_gene_100271849,uniprot_Q02080
Thrombopoietin receptor,P40238,TPOR_HUMAN,es_20200422173924788231,geneInfo_gene_4352,uniprot_P40238
Protein L-Myc,P12524,MYCL_HUMAN,es_20200422174018250868,geneInfo_gene_4610,uniprot_P12524
Myeloid differentiation primary response protein MyD88,Q99836,MYD88_HUMAN,es_20200422174022741587,geneInfo_gene_4615,uniprot_Q99836
DNA mismatch repair protein Mlh1,P40692,MLH1_HUMAN,es_20200422173910571623,geneInfo_gene_4292,uniprot_P40692
DNA mismatch repair protein Msh2,P43246,MSH2_HUMAN,es_20200422173939369794,geneInfo_gene_4436,uniprot_P43246
MAX gene-associated protein,Q8IWI9,MGAP_HUMAN,es_20200422173904813823,geneInfo_gene_23269,uniprot_Q8IWI9
Protein AF-9,P42568,AF9_HUMAN,es_20200422173918613293,geneInfo_gene_4300,uniprot_P42568
B-lymphocyte antigen CD20,P11836,CD20_HUMAN,es_20200422173935312876,geneInfo_gene_931,uniprot_P11836
Double-strand break repair protein MRE11,P49959,MRE11_HUMAN,es_20200422173927017642,geneInfo_gene_4361,uniprot_P49959
Macrophage-stimulating protein receptor,Q04912,RON_HUMAN,es_20200422173948404484,geneInfo_gene_4486,uniprot_Q04912
Adenine DNA glycosylase,Q9UIF7,MUTYH_HUMAN,es_20200422174007073375,geneInfo_gene_4595,uniprot_Q9UIF7
Hepatocyte growth factor-like protein,P26927,HGFL_HUMAN,es_20200422173946200005,geneInfo_gene_4485,uniprot_P26927
Myc proto-oncogene protein,P01106,MYC_HUMAN,es_20200422174014354257,geneInfo_gene_4609,uniprot_P01106
DNA mismatch repair protein Msh3,P20585,MSH3_HUMAN,es_20200422173941755819,geneInfo_gene_4437,uniprot_P20585
Transcriptional activator Myb,P10242,MYB_HUMAN,es_20200422174011914423,geneInfo_gene_4602,uniprot_P10242
Nibrin,O60934,NBN_HUMAN,es_20200422174040123158,geneInfo_gene_4683,uniprot_O60934
DNA mismatch repair protein Msh6,P52701,MSH6_HUMAN,es_20200422173944238131,geneInfo_gene_2956,uniprot_P52701
Interferon-induced GTP-binding protein Mx1,P20591,MX1_HUMAN,es_20200422174009851068,geneInfo_gene_4599,uniprot_P20591
N-myc proto-oncogene protein,P04198,MYCN_HUMAN,es_20200422174020190446,geneInfo_gene_4613,uniprot_P04198
Protein L-Myc,P12524,MYCL_HUMAN,es_20200422174018250868,geneInfo_gene_4610,uniprot_P12524
Nuclear receptor corepressor 1,O75376,NCOR1_HUMAN,es_20200422174043960445,geneInfo_gene_9611,uniprot_O75376
Myoblast determination protein 1,P15172,MYOD1_HUMAN,es_20200422174035788636,geneInfo_gene_4654,uniprot_P15172
Unconventional myosin-XVIIIa,Q92614,MY18A_HUMAN,es_20200422174029408390,geneInfo_gene_399687,uniprot_Q92614
Nuclear receptor coactivator 3,Q9Y6Q9,NCOA3_HUMAN,es_20200422174041921128,geneInfo_gene_8202,uniprot_Q9Y6Q9
Neurofibromin,P21359,NF1_HUMAN,es_20200422174048596141,geneInfo_gene_4763,uniprot_P21359
NGFI-A-binding protein 2,Q15742,NAB2_HUMAN,es_20200422174037618686,geneInfo_gene_4665,uniprot_Q15742
Homeobox protein Nkx-2.1,P43699,NKX21_HUMAN,es_20200422174100477938,geneInfo_gene_7080,uniprot_P43699
Neurogenic locus notch homolog protein 3,Q9UM47,NOTC3_HUMAN,es_20200422174114813720,geneInfo_gene_4854,uniprot_Q9UM47
Proline-rich nuclear receptor coactivator 1,Q12796,PNRC1_HUMAN,es_20200422174335324477,geneInfo_gene_10957,uniprot_Q12796
"Phosphatidylinositol 3,4,5-trisphosphate-dependent Rac exchanger 2 protein",Q70Z35,PREX2_HUMAN,es_20200422174409895471,geneInfo_gene_80243,uniprot_Q70Z35
Neuronal growth regulator 1,Q7Z3B1,NEGR1_HUMAN,es_20200422174046039492,geneInfo_gene_257194,uniprot_Q7Z3B1
Homeobox protein Nkx-2.8,O15522,NKX28_HUMAN,es_20200422174101891745,geneInfo_gene_26257,uniprot_O15522
Neurogenic locus notch homolog protein 4,Q99466,NOTC4_HUMAN,es_20200422174117027424,geneInfo_gene_4855,uniprot_Q99466
NF-kappa-B inhibitor alpha,P25963,IKBA_HUMAN,es_20200422174058096767,geneInfo_gene_4792,uniprot_P25963
Neurogenic locus notch homolog protein 2,Q04721,NOTC2_HUMAN,es_20200422174109863472,geneInfo_gene_4853,uniprot_Q04721
Merlin,P35240,MERL_HUMAN,es_20200422174050668557,geneInfo_gene_4771,uniprot_P35240
Neurogenic locus notch homolog protein 1,P46531,NOTC1_HUMAN,es_20200422174107695855,geneInfo_gene_4851,uniprot_P46531
Nuclear factor erythroid 2-related factor 2,Q16236,NF2L2_HUMAN,es_20200422174052732639,geneInfo_gene_4780,uniprot_Q16236
GTPase NRas,P01111,RASN_HUMAN,es_20200422174123759404,geneInfo_gene_4893,uniprot_P01111
Homeobox protein Nkx-3.1,Q99801,NKX31_HUMAN,es_20200422174104461474,geneInfo_gene_4824,uniprot_Q99801
Nucleophosmin,P06748,NPM_HUMAN,es_20200422174120007347,geneInfo_gene_4869,uniprot_P06748
Programmed cell death protein 1,Q15116,PDCD1_HUMAN,es_20200422174236030898,geneInfo_gene_5133,uniprot_Q15116
BDNF/NT-3 growth factors receptor,Q16620,NTRK2_HUMAN,es_20200422174135486049,geneInfo_gene_4915,uniprot_Q16620
NT-3 growth factor receptor,Q16288,NTRK3_HUMAN,es_20200422174137665477,geneInfo_gene_4916,uniprot_Q16288
Serine/threonine-protein kinase PAK 3,O75914,PAK3_HUMAN,es_20200422174148069910,geneInfo_gene_5063,uniprot_O75914
"Histone-lysine N-methyltransferase, H3 lysine-36 specific",Q96L73,NSD1_HUMAN,es_20200422174128436361,geneInfo_gene_64324,uniprot_Q96L73
Nuclear pore complex protein Nup93,Q8N1F7,NUP93_HUMAN,es_20200422174139893547,geneInfo_gene_9688,uniprot_Q8N1F7
High affinity nerve growth factor receptor,P04629,NTRK1_HUMAN,es_20200422174130446359,geneInfo_gene_4914,uniprot_P04629
"Pro-neuregulin-1, membrane-bound isoform",Q02297,NRG1_HUMAN,es_20200422174125927581,geneInfo_gene_3084,uniprot_Q02297
NUT family member 1,Q86Y26,NUTM1_HUMAN,es_20200422174142754837,geneInfo_gene_256646,uniprot_Q86Y26
E3 ubiquitin-protein ligase parkin,O60260,PRKN_HUMAN,es_20200422174159285887,geneInfo_gene_5071,uniprot_O60260
Serine/threonine-protein kinase PAK 1,Q13153,PAK1_HUMAN,es_20200422174144625321,geneInfo_gene_5058,uniprot_Q13153
Paired box protein Pax-3,P23760,PAX3_HUMAN,es_20200422174223424932,geneInfo_gene_5077,uniprot_P23760
"Phosphatidylinositol 4,5-bisphosphate 3-kinase catalytic subunit alpha isoform",P42336,PK3CA_HUMAN,es_20200422174303746696,geneInfo_gene_5290,uniprot_P42336
Serine/threonine-protein kinase PAK 5,Q9P286,PAK5_HUMAN,es_20200422174149904275,geneInfo_gene_57144,uniprot_Q9P286
Partner and localizer of BRCA2,Q86YC2,PALB2_HUMAN,es_20200422174152027447,geneInfo_gene_79728,uniprot_Q86YC2
Poly [ADP-ribose] polymerase 1,P09874,PARP1_HUMAN,es_20200422174214231599,geneInfo_gene_142,uniprot_P09874
Paired box protein Pax-7,P23759,PAX7_HUMAN,es_20200422174228656612,geneInfo_gene_5081,uniprot_P23759
Protein polybromo-1,Q86U86,PB1_HUMAN,es_20200422174233191482,geneInfo_gene_55193,uniprot_Q86U86
Paired box protein Pax-8,Q06710,PAX8_HUMAN,es_20200422174230240220,geneInfo_gene_7849,uniprot_Q06710
Paired box protein Pax-5,Q02548,PAX5_HUMAN,es_20200422174226553811,geneInfo_gene_5079,uniprot_Q02548
Platelet-derived growth factor receptor beta,P09619,PGFRB_HUMAN,es_20200422174243741626,geneInfo_gene_5159,uniprot_P09619
3-phosphoinositide-dependent protein kinase 1,O15530,PDPK1_HUMAN,es_20200422174248353620,geneInfo_gene_5170,uniprot_O15530
Phosphatidylinositol 4-phosphate 3-kinase C2 domain-containing subunit beta,O00750,P3C2B_HUMAN,es_20200422174256004604,geneInfo_gene_5287,uniprot_O00750
Programmed cell death 1 ligand 2,Q9BQ51,PD1L2_HUMAN,es_20200422174238551070,geneInfo_gene_80380,uniprot_Q9BQ51
PHD finger protein 6,Q8IWS0,PHF6_HUMAN,es_20200422174252173353,geneInfo_gene_84295,uniprot_Q8IWS0
"Phosphatidylinositol 4,5-bisphosphate 3-kinase catalytic subunit beta isoform",P42338,PK3CB_HUMAN,es_20200422174306066559,geneInfo_gene_5291,uniprot_P42338
Platelet-derived growth factor receptor alpha,P16234,PGFRA_HUMAN,es_20200422174241213786,geneInfo_gene_5156,uniprot_P16234
"[Pyruvate dehydrogenase (acetyl-transferring)] kinase isozyme 1, mitochondrial",Q15118,PDK1_HUMAN,es_20200422174246104424,geneInfo_gene_5163,uniprot_Q15118
Progesterone receptor,P06401,PRGR_HUMAN,es_20200422174250740130,geneInfo_gene_5241,uniprot_P06401
Phosphatidylinositol 3-kinase catalytic subunit type 3,Q8NEB9,PK3C3_HUMAN,es_20200422174259817472,geneInfo_gene_5289,uniprot_Q8NEB9
Paired mesoderm homeobox protein 2B,Q99453,PHX2B_HUMAN,es_20200422174254384062,geneInfo_gene_8929,uniprot_Q99453
"Phosphatidylinositol 4,5-bisphosphate 3-kinase catalytic subunit gamma isoform",P48736,PK3CG_HUMAN,es_20200422174309827563,geneInfo_gene_5294,uniprot_P48736
"Succinate dehydrogenase assembly factor 2, mitochondrial",Q9NX18,SDHF2_HUMAN,es_20200422174650268169,geneInfo_gene_54949,uniprot_Q9NX18
Serine/threonine-protein kinase pim-1,P11309,PIM1_HUMAN,es_20200422174322341705,geneInfo_gene_5292,uniprot_P11309
PMS1 protein homolog 1,P54277,PMS1_HUMAN,es_20200422174329297884,geneInfo_gene_5378,uniprot_P54277
Phosphatidylinositol 4-phosphate 3-kinase C2 domain-containing subunit gamma,O75747,P3C2G_HUMAN,es_20200422174258256244,geneInfo_gene_5288,uniprot_O75747
DNA polymerase epsilon catalytic subunit A,Q07864,DPOE1_HUMAN,es_20200422174345481328,geneInfo_gene_5426,uniprot_Q07864
"Phosphatidylinositol 4,5-bisphosphate 3-kinase catalytic subunit delta isoform",O00329,PK3CD_HUMAN,es_20200422174307767291,geneInfo_gene_5293,uniprot_O00329
Phosphatidylinositol 3-kinase regulatory subunit beta,O00459,P85B_HUMAN,es_20200422174316781210,geneInfo_gene_5296,uniprot_O00459
Phosphatidylinositol 3-kinase regulatory subunit alpha,P27986,P85A_HUMAN,es_20200422174312429312,geneInfo_gene_5295,uniprot_P27986
Phosphatidylinositol 3-kinase regulatory subunit gamma,Q92569,P55G_HUMAN,es_20200422174319621009,geneInfo_gene_8503,uniprot_Q92569
Phorbol-12-myristate-13-acetate-induced protein 1,Q13794,APR_HUMAN,es_20200422174327472894,geneInfo_gene_5366,uniprot_Q13794
"1-phosphatidylinositol 4,5-bisphosphate phosphodiesterase gamma-2",P16885,PLCG2_HUMAN,es_20200422174324277711,geneInfo_gene_5336,uniprot_P16885
Mismatch repair endonuclease PMS2,P54278,PMS2_HUMAN,es_20200422174331363611,geneInfo_gene_5395,uniprot_P54278
Serine/threonine-protein kinase PLK2,Q9NYY3,PLK2_HUMAN,es_20200422174325754764,geneInfo_gene_10769,uniprot_Q9NYY3
Purine nucleoside phosphorylase,P00491,PNPH_HUMAN,es_20200422174333809064,geneInfo_gene_4860,uniprot_P00491
Serine/threonine-protein phosphatase 2A 65 kDa regulatory subunit A alpha isoform,P30153,2AAA_HUMAN,es_20200422174356776140,geneInfo_gene_5518,uniprot_P30153
Serine/threonine-protein phosphatase 6 catalytic subunit,O00743,PPP6_HUMAN,es_20200422174402711485,geneInfo_gene_5537,uniprot_O00743
DNA polymerase delta catalytic subunit,P28340,DPOD1_HUMAN,es_20200422174337480955,geneInfo_gene_5424,uniprot_P28340
cAMP-dependent protein kinase type I-alpha regulatory subunit,P10644,KAP0_HUMAN,es_20200422174411781861,geneInfo_gene_5573,uniprot_P10644
Receptor-type tyrosine-protein phosphatase delta,P23468,PTPRD_HUMAN,es_20200422174438619463,geneInfo_gene_5789,uniprot_P23468
Protein phosphatase 1D,O15297,PPM1D_HUMAN,es_20200422174352173115,geneInfo_gene_8493,uniprot_O15297
Peroxisome proliferator-activated receptor gamma,P37231,PPARG_HUMAN,es_20200422174349941004,geneInfo_gene_5468,uniprot_P37231
Serine/threonine-protein phosphatase 2A 55 kDa regulatory subunit B alpha isoform,P63151,2ABA_HUMAN,es_20200422174359821559,geneInfo_gene_5520,uniprot_P63151
DNA-dependent protein kinase catalytic subunit,P78527,PRKDC_HUMAN,es_20200422174416805398,geneInfo_gene_5591,uniprot_P78527
PR domain zinc finger protein 1,O75626,PRDM1_HUMAN,es_20200422174407510301,geneInfo_gene_639,uniprot_O75626
Prostasin,Q16651,PRSS8_HUMAN,es_20200422174426092003,geneInfo_gene_5652,uniprot_Q16651
Protein patched homolog 1,Q13635,PTC1_HUMAN,es_20200422174428886544,geneInfo_gene_5727,uniprot_Q13635
Retinoic acid receptor alpha,P10276,RARA_HUMAN,es_20200422174530767229,geneInfo_gene_5914,uniprot_P10276
Protein kinase C iota type,P41743,KPCI_HUMAN,es_20200422174414424051,geneInfo_gene_5584,uniprot_P41743
Ras-related C3 botulinum toxin substrate 1,P63000,RAC1_HUMAN,es_20200422174454739272,geneInfo_gene_5879,uniprot_P63000
"Phosphatidylinositol 3,4,5-trisphosphate 3-phosphatase and dual-specificity protein phosphatase PTEN",P60484,PTEN_HUMAN,es_20200422174432035679,geneInfo_gene_5728,uniprot_P60484
Protein quaking,Q96PU8,QKI_HUMAN,es_20200422174449283455,geneInfo_gene_9444,uniprot_Q96PU8
Tyrosine-protein phosphatase non-receptor type 11,Q06124,PTN11_HUMAN,es_20200422174435238460,geneInfo_gene_5781,uniprot_Q06124
Receptor-type tyrosine-protein phosphatase S,Q13332,PTPRS_HUMAN,es_20200422174441884734,geneInfo_gene_5802,uniprot_Q13332
Retinoblastoma-associated protein,P06400,RB_HUMAN,es_20200422174538599870,geneInfo_gene_5925,uniprot_P06400
Ribosomal protein S6 kinase alpha-4,O75676,KS6A4_HUMAN,es_20200422174615077796,geneInfo_gene_8986,uniprot_O75676
Receptor-type tyrosine-protein phosphatase T,O14522,PTPRT_HUMAN,es_20200422174445759290,geneInfo_gene_11122,uniprot_O14522
DNA repair protein RAD52 homolog,P43351,RAD52_HUMAN,es_20200422174514876080,geneInfo_gene_5893,uniprot_P43351
Ras GTPase-activating protein 1,P20936,RASA1_HUMAN,es_20200422174534657096,geneInfo_gene_5921,uniprot_P20936
Ras-related protein Rab-35,Q15286,RAB35_HUMAN,es_20200422174452091702,geneInfo_gene_11021,uniprot_Q15286
DNA repair protein RAD50,Q92878,RAD50_HUMAN,es_20200422174501116918,geneInfo_gene_10111,uniprot_Q92878
DNA repair protein RAD51 homolog 1,Q06609,RAD51_HUMAN,es_20200422174505062012,geneInfo_gene_5888,uniprot_Q06609
Double-strand-break repair protein rad21 homolog,O60216,RAD21_HUMAN,es_20200422174457975829,geneInfo_gene_5885,uniprot_O60216
DNA repair protein RAD51 homolog 2,O15315,RA51B_HUMAN,es_20200422174508183669,geneInfo_gene_5890,uniprot_O15315
DNA repair protein RAD51 homolog 4,O75771,RA51D_HUMAN,es_20200422174512651395,geneInfo_gene_5892,uniprot_O75771
RAF proto-oncogene serine/threonine-protein kinase,P04049,RAF1_HUMAN,es_20200422174519864161,geneInfo_gene_5894,uniprot_P04049
DNA repair and recombination protein RAD54-like,Q92698,RAD54_HUMAN,es_20200422174516226082,geneInfo_gene_8438,uniprot_Q92698
ATP-dependent DNA helicase Q4,O94761,RECQ4_HUMAN,es_20200422174544230435,geneInfo_gene_9401,uniprot_O94761
DNA repair protein RAD51 homolog 3,O43502,RA51C_HUMAN,es_20200422174510796575,geneInfo_gene_5889,uniprot_O43502
E3 SUMO-protein ligase RanBP2,P49792,RBP2_HUMAN,es_20200422174523181882,geneInfo_gene_5903,uniprot_P49792
GTP-binding protein Rit1,Q92963,RIT1_HUMAN,es_20200422174607370725,geneInfo_gene_6016,uniprot_Q92963
Runt-related transcription factor 1,Q01196,RUNX1_HUMAN,es_20200422174631745052,geneInfo_gene_861,uniprot_Q01196
RNA-binding protein 10,P98175,RBM10_HUMAN,es_20200422174540827309,geneInfo_gene_8241,uniprot_P98175
Proto-oncogene c-Rel,Q04864,REL_HUMAN,es_20200422174546121226,geneInfo_gene_5966,uniprot_Q04864
Transforming protein RhoA,P61586,RHOA_HUMAN,es_20200422174557488420,geneInfo_gene_387,uniprot_P61586
Proto-oncogene tyrosine-protein kinase receptor Ret,P07949,RET_HUMAN,es_20200422174549430754,geneInfo_gene_5979,uniprot_P07949
GTP-binding protein Rheb,Q15382,RHEB_HUMAN,es_20200422174555081423,geneInfo_gene_6009,uniprot_Q15382
Proto-oncogene tyrosine-protein kinase ROS,P08922,ROS1_HUMAN,es_20200422174613370786,geneInfo_gene_6098,uniprot_P08922
E3 ubiquitin-protein ligase COP1,Q8NHY2,COP1_HUMAN,es_20200422174553077033,geneInfo_gene_64326,uniprot_Q8NHY2
Rapamycin-insensitive companion of mTOR,Q6R327,RICTR_HUMAN,es_20200422174605118403,geneInfo_gene_253260,uniprot_Q6R327
E3 ubiquitin-protein ligase RNF43,Q68DV7,RNF43_HUMAN,es_20200422174609601255,geneInfo_gene_54894,uniprot_Q68DV7
Ribosomal protein S6 kinase beta-1,P23443,KS6B1_HUMAN,es_20200422174617182237,geneInfo_gene_6198,uniprot_P23443
Ribosomal protein S6 kinase beta-2,Q9UBS0,KS6B2_HUMAN,es_20200422174626483216,geneInfo_gene_6199,uniprot_Q9UBS0
Regulatory-associated protein of mTOR,Q8N122,RPTOR_HUMAN,es_20200422174629013504,geneInfo_gene_57521,uniprot_Q8N122
RING1 and YY1-binding protein,Q8N488,RYBP_HUMAN,es_20200422174641917261,geneInfo_gene_23429,uniprot_Q8N488
"Succinate dehydrogenase [ubiquinone] flavoprotein subunit, mitochondrial",P31040,SDHA_HUMAN,es_20200422174647309799,geneInfo_gene_6389,uniprot_P31040
"Succinate dehydrogenase [ubiquinone] iron-sulfur subunit, mitochondrial",P21912,SDHB_HUMAN,es_20200422174652147966,geneInfo_gene_6390,uniprot_P21912
SH2B adapter protein 3,Q9UQQ2,SH2B3_HUMAN,es_20200422174715053487,geneInfo_gene_10019,uniprot_Q9UQQ2
"Succinate dehydrogenase [ubiquinone] cytochrome b small subunit, mitochondrial",O14521,DHSD_HUMAN,es_20200422174657365976,geneInfo_gene_6392,uniprot_O14521
Protein CBFA2T1,Q06455,MTG8_HUMAN,es_20200422174636656536,geneInfo_gene_862,uniprot_Q06455
"Succinate dehydrogenase cytochrome b560 subunit, mitochondrial",Q99643,C560_HUMAN,es_20200422174654270578,geneInfo_gene_6391,uniprot_Q99643
SET-binding protein,Q9Y6X0,SETBP_HUMAN,es_20200422174659551202,geneInfo_gene_26040,uniprot_Q9Y6X0
SH2 domain-containing protein 1A,O60880,SH21A_HUMAN,es_20200422174717410872,geneInfo_gene_4068,uniprot_O60880
Transcription activator BRG1,P51532,SMCA4_HUMAN,es_20200422174736348923,geneInfo_gene_6597,uniprot_P51532
Synphilin-1,Q9Y6H5,SNCAP_HUMAN,es_20200422174753885283,geneInfo_gene_9627,uniprot_Q9Y6H5
Splicing factor 3B subunit 1,O75533,SF3B1_HUMAN,es_20200422174711345468,geneInfo_gene_23451,uniprot_O75533
Histone-lysine N-methyltransferase SETD2,Q9BYW2,SETD2_HUMAN,es_20200422174702297387,geneInfo_gene_29072,uniprot_Q9BYW2
Protein SHQ1 homolog,Q6PI26,SHQ1_HUMAN,es_20200422174720053444,geneInfo_gene_55164,uniprot_Q6PI26
Slit homolog 2 protein,O94813,SLIT2_HUMAN,es_20200422174722526870,geneInfo_gene_9353,uniprot_O94813
Mothers against decapentaplegic homolog 3,P84022,SMAD3_HUMAN,es_20200422174731333956,geneInfo_gene_4088,uniprot_P84022
SWI/SNF-related matrix-associated actin-dependent regulator of chromatin subfamily B member 1,Q12824,SNF5_HUMAN,es_20200422174739312810,geneInfo_gene_6598,uniprot_Q12824
Mothers against decapentaplegic homolog 2,Q15796,SMAD2_HUMAN,es_20200422174728628255,geneInfo_gene_4087,uniprot_Q15796
Structural maintenance of chromosomes protein 1A,Q14683,SMC1A_HUMAN,es_20200422174746453361,geneInfo_gene_8243,uniprot_Q14683
Transcription factor SOX-17,Q9H6I2,SOX17_HUMAN,es_20200422174802264661,geneInfo_gene_64321,uniprot_Q9H6I2
Structure-specific endonuclease subunit SLX4,Q8IY92,SLX4_HUMAN,es_20200422174725558345,geneInfo_gene_84464,uniprot_Q8IY92
SWI/SNF-related matrix-associated actin-dependent regulator of chromatin subfamily D member 1,Q96GM5,SMRD1_HUMAN,es_20200422174742467988,geneInfo_gene_6602,uniprot_Q96GM5
Mothers against decapentaplegic homolog 4,Q13485,SMAD4_HUMAN,es_20200422174733679304,geneInfo_gene_4089,uniprot_Q13485
Smoothened homolog,Q99835,SMO_HUMAN,es_20200422174751549322,geneInfo_gene_6608,uniprot_Q99835
Transcription factor SOX-2,P48431,SOX2_HUMAN,es_20200422174804152973,geneInfo_gene_6657,uniprot_P48431
Serine/arginine-rich splicing factor 2,Q01130,SRSF2_HUMAN,es_20200422174825384585,geneInfo_gene_6427,uniprot_Q01130
Signal transducer and activator of transcription 3,P40763,STAT3_HUMAN,es_20200422174836984528,geneInfo_gene_6774,uniprot_P40763
Cohesin subunit SA-1,Q8WVM7,STAG1_HUMAN,es_20200422174826952720,geneInfo_gene_10274,uniprot_Q8WVM7
Signal transducer and activator of transcription 1-alpha/beta,P42224,STAT1_HUMAN,es_20200422174833205688,geneInfo_gene_6772,uniprot_P42224
Suppressor of cytokine signaling 1,O15524,SOCS1_HUMAN,es_20200422174756766650,geneInfo_gene_8651,uniprot_O15524
Msx2-interacting protein,Q96T58,MINT_HUMAN,es_20200422174809887568,geneInfo_gene_23013,uniprot_Q96T58
Speckle-type POZ protein,O43791,SPOP_HUMAN,es_20200422174812634020,geneInfo_gene_8405,uniprot_O43791
Cohesin subunit SA-2,Q8N3U4,STAG2_HUMAN,es_20200422174829982698,geneInfo_gene_10735,uniprot_Q8N3U4
Transcription factor SOX-9,P48436,SOX9_HUMAN,es_20200422174807116125,geneInfo_gene_6662,uniprot_P48436
Proto-oncogene tyrosine-protein kinase Src,P12931,SRC_HUMAN,es_20200422174817827425,geneInfo_gene_6714,uniprot_P12931
"Spectrin alpha chain, erythrocytic 1",P02549,SPTA1_HUMAN,es_20200422174815095907,geneInfo_gene_6708,uniprot_P02549
Transcription initiation factor TFIID subunit 1,P21675,TAF1_HUMAN,es_20200422174912497310,geneInfo_gene_6872,uniprot_P21675
Signal transducer and activator of transcription 5B,P51692,STA5B_HUMAN,es_20200422174850530342,geneInfo_gene_6777,uniprot_P51692
Serine/threonine-protein kinase 40,Q8N2I9,STK40_HUMAN,es_20200422174855260798,geneInfo_gene_83931,uniprot_Q8N2I9
Polycomb protein SUZ12,Q15022,SUZ12_HUMAN,es_20200422174906024427,geneInfo_gene_23512,uniprot_Q15022
Signal transducer and activator of transcription 4,Q14765,STAT4_HUMAN,es_20200422174845439674,geneInfo_gene_6775,uniprot_Q14765
Suppressor of fused homolog,Q9UMX1,SUFU_HUMAN,es_20200422174858089255,geneInfo_gene_51684,uniprot_Q9UMX1
Signal transducer and activator of transcription 5A,P42229,STA5A_HUMAN,es_20200422174848555464,geneInfo_gene_6776,uniprot_P42229
Serine/threonine-protein kinase STK11,Q15831,STK11_HUMAN,es_20200422174853219124,geneInfo_gene_6794,uniprot_Q15831
Transcription factor E2-alpha,P15923,TFE2_HUMAN,es_20200422174925149727,geneInfo_gene_6929,uniprot_P15923
Methylcytosine dioxygenase TET1,Q8NFU7,TET1_HUMAN,es_20200422174934903965,geneInfo_gene_80312,uniprot_Q8NFU7
T-box transcription factor TBX21,Q9UL17,TBX21_HUMAN,es_20200422174917994197,geneInfo_gene_30009,uniprot_Q9UL17
Tyrosine-protein kinase SYK,P43405,KSYK_HUMAN,es_20200422174909654301,geneInfo_gene_6850,uniprot_P43405
Transcription factor 7-like 2,Q9NQB0,TF7L2_HUMAN,es_20200422174928633517,geneInfo_gene_6934,uniprot_Q9NQB0
T-box transcription factor TBX3,O15119,TBX3_HUMAN,es_20200422174921416178,geneInfo_gene_6926,uniprot_O15119
Methylcytosine dioxygenase TET2,Q6N021,TET2_HUMAN,es_20200422174938984499,geneInfo_gene_54790,uniprot_Q6N021
Transmembrane protein 127,O75204,TM127_HUMAN,es_20200422174956356089,geneInfo_gene_55654,uniprot_O75204
Elongin-C,Q15369,ELOC_HUMAN,es_20200422174923077847,geneInfo_gene_6921,uniprot_Q15369
Telomerase reverse transcriptase,O14746,TERT_HUMAN,es_20200422174932629043,geneInfo_gene_7015,uniprot_O14746
Transferrin receptor protein 1,P02786,TFR1_HUMAN,es_20200422174944159517,geneInfo_gene_7037,uniprot_P02786
TGF-beta receptor type-1,P36897,TGFR1_HUMAN,es_20200422174949958764,geneInfo_gene_7046,uniprot_P36897
Transcription factor E3,P19532,TFE3_HUMAN,es_20200422174940770760,geneInfo_gene_7030,uniprot_P19532
Tumor necrosis factor receptor superfamily member 14,Q92956,TNR14_HUMAN,es_20200422175008805496,geneInfo_gene_8764,uniprot_Q92956
TGFB1-induced anti-apoptotic factor 1,O95411,TIAF1_HUMAN,es_20200422174954328561,geneInfo_gene_9220,uniprot_O95411
Transforming growth factor beta-1 proprotein,P01137,TGFB1_HUMAN,es_20200422174947462741,geneInfo_gene_7040,uniprot_P01137
Tumor necrosis factor,P01375,TNFA_HUMAN,es_20200422175003052949,geneInfo_gene_7124,uniprot_P01375
Tumor necrosis factor receptor superfamily member 18,Q9Y5U5,TNR18_HUMAN,es_20200422175011869014,geneInfo_gene_8784,uniprot_Q9Y5U5
Thyrotropin receptor,P16473,TSHR_HUMAN,es_20200422175051269219,geneInfo_gene_7253,uniprot_P16473
TGF-beta receptor type-2,P37173,TGFR2_HUMAN,es_20200422174952160916,geneInfo_gene_7048,uniprot_P37173
Transmembrane protease serine 2,O15393,TMPS2_HUMAN,es_20200422174958780052,geneInfo_gene_7113,uniprot_O15393
Tumor necrosis factor receptor superfamily member 9,Q07011,TNR9_HUMAN,es_20200422175015449237,geneInfo_gene_3604,uniprot_Q07011
Cellular tumor antigen p53,P04637,P53_HUMAN,es_20200422175029793762,geneInfo_gene_7157,uniprot_P04637
Tumor necrosis factor ligand superfamily member 4,P23510,TNFL4_HUMAN,es_20200422175018320689,geneInfo_gene_7292,uniprot_P23510
Tumor necrosis factor alpha-induced protein 3,P21580,TNAP3_HUMAN,es_20200422175007143955,geneInfo_gene_7128,uniprot_P21580
Tumor protein 63,Q9H3D4,P63_HUMAN,es_20200422175033168651,geneInfo_gene_8626,uniprot_Q9H3D4
DNA topoisomerase 1,P11387,TOP1_HUMAN,es_20200422175020380291,geneInfo_gene_7150,uniprot_P11387
Tumor necrosis factor receptor superfamily member 4,P43489,TNR4_HUMAN,es_20200422175013390332,geneInfo_gene_7293,uniprot_P43489
DNA topoisomerase 2-alpha,P11388,TOP2A_HUMAN,es_20200422175024007777,geneInfo_gene_7153,uniprot_P11388
E3 ubiquitin-protein ligase TRAF7,Q6Q0C0,TRAF7_HUMAN,es_20200422175037682607,geneInfo_gene_84231,uniprot_Q6Q0C0
TNF receptor-associated factor 2,Q12933,TRAF2_HUMAN,es_20200422175035826595,geneInfo_gene_7186,uniprot_Q12933
DNA repair protein XRCC2,O43543,XRCC2_HUMAN,es_20200422175116245835,geneInfo_gene_7516,uniprot_O43543
Tuberin,P49815,TSC2_HUMAN,es_20200422175047322468,geneInfo_gene_7249,uniprot_P49815
Hamartin,Q92574,TSC1_HUMAN,es_20200422175042210453,geneInfo_gene_7248,uniprot_Q92574
von Hippel-Lindau disease tumor suppressor,P40337,VHL_HUMAN,es_20200422175059543587,geneInfo_gene_7428,uniprot_P40337
E3 ubiquitin-protein ligase XIAP,P98170,XIAP_HUMAN,es_20200422175111270516,geneInfo_gene_331,uniprot_P98170
Tyrosine-protein kinase Yes,P07947,YES_HUMAN,es_20200422175124989040,geneInfo_gene_7525,uniprot_P07947
Splicing factor U2AF 35 kDa subunit-like protein,P0DN76,U2AF5_HUMAN,es_20200422175053665123,geneInfo_gene_7307,uniprot_P0DN76
Exportin-1,O14980,XPO1_HUMAN,es_20200422175113853719,geneInfo_gene_7514,uniprot_O14980
Zinc finger protein 217,O75362,ZN217_HUMAN,es_20200422175139284064,geneInfo_gene_7764,uniprot_O75362
Vascular endothelial growth factor A,P15692,VEGFA_HUMAN,es_20200422175056224714,geneInfo_gene_7422,uniprot_P15692
Cellular communication network factor 6,O95389,CCN6_HUMAN,es_20200422175103441568,geneInfo_gene_8838,uniprot_O95389
V-set domain-containing T-cell activation inhibitor 1,Q7Z7D3,VTCN1_HUMAN,es_20200422175101899909,geneInfo_gene_79679,uniprot_Q7Z7D3
Wilms tumor protein,P19544,WT1_HUMAN,es_20200422175106692976,geneInfo_gene_7490,uniprot_P19544
Transcriptional coactivator YAP1,P46937,YAP1_HUMAN,es_20200422175119689705,geneInfo_gene_10413,uniprot_P46937
U2 small nuclear ribonucleoprotein auxiliary factor 35 kDa subunit-related protein 2,Q15696,U2AFM_HUMAN,es_20200422175142801037,geneInfo_gene_8233,uniprot_Q15696
Zinc finger homeobox protein 3,Q15911,ZFHX3_HUMAN,es_20200422175135249875,geneInfo_gene_463,uniprot_Q15911
Zinc finger and BTB domain-containing protein 2,Q8N680,ZBTB2_HUMAN,es_20200422175127618044,geneInfo_gene_57621,uniprot_Q8N680
Zinc finger protein 703,Q9H7S9,ZN703_HUMAN,es_20200422175141228232,geneInfo_gene_80139,uniprot_Q9H7S9
Zinc finger and BTB domain-containing protein 7A,O95365,ZBT7A_HUMAN,es_20200422175129333531,geneInfo_gene_51341,uniprot_O95365
Cancer/testis antigen 2,O75638,CTAG2_HUMAN,es_20200422181528219713,geneInfo_gene_30848,uniprot_O75638
C-X-C chemokine receptor type 2,P25025,CXCR2_HUMAN,es_20200422181536451988,geneInfo_gene_3579,uniprot_P25025
Melanoma-associated antigen 3,P43357,MAGA3_HUMAN,es_20200422181558968380,geneInfo_gene_4102,uniprot_P43357
Cancer/testis antigen 1,P78358,CTG1B_HUMAN,es_20200422181524048708,geneInfo_gene_1485,uniprot_P78358
Melanoma-associated antigen 1,P43355,MAGA1_HUMAN,es_20200422181555852010,geneInfo_gene_4100,uniprot_P43355
Melanoma-associated antigen 4,P43358,MAGA4_HUMAN,es_20200422181601811118,geneInfo_gene_4103,uniprot_P43358
Nectin-2,Q92692,NECT2_HUMAN,es_20200422181608254489,geneInfo_gene_5819,uniprot_Q92692
Protein SSX2,Q16385,SSX2_HUMAN,es_20200422181617322023,geneInfo_gene_6757,uniprot_Q16385
Toll-like receptor 8,Q9NR97,TLR8_HUMAN,es_20200422181630133528,geneInfo_gene_51311,uniprot_Q9NR97
Poliovirus receptor,P15151,PVR_HUMAN,es_20200422181614865475,geneInfo_gene_5817,uniprot_P15151
Toll-like receptor 9,Q9NR96,TLR9_HUMAN,es_20200422181639256886,geneInfo_gene_54106,uniprot_Q9NR96
T-cell immunoreceptor with Ig and ITIM domains,Q495A1,TIGIT_HUMAN,es_20200422181621997284,geneInfo_gene_201633,uniprot_Q495A1
Nesprin-1,Q8NF91,SYNE1_HUMAN,es_20200430155446696238,geneInfo_gene_23345,uniprot_Q8NF91
